team_id,tournament_id,total_matches,home_matches,performance,year,host_country,home_win_percentage,performance_score,tournaments_participated
T-01,WC-1982,3,2,group stage,1982,Spain,66.66666666666666,6.0,4
T-01,WC-1986,3,2,group stage,1986,Mexico,66.66666666666666,6.0,4
T-01,WC-2010,3,1,group stage,2010,South Africa,33.33333333333333,6.0,4
T-01,WC-2014,4,1,round of 16,2014,Brazil,25.0,5.0,4
T-02,WC-2006,3,1,group stage,2006,Germany,33.33333333333333,6.0,1
T-03,WC-1930,5,4,final,1930,Uruguay,80.0,,21
T-03,WC-1934,1,0,round of 16,1934,Italy,0.0,5.0,21
T-03,WC-1958,3,2,group stage,1958,Sweden,66.66666666666666,6.0,21
T-03,WC-1962,3,1,group stage,1962,Chile,33.33333333333333,6.0,21
T-03,WC-1966,4,3,quarter-finals,1966,England,75.0,4.0,21
T-03,WC-1974,6,4,second group stage,1974,West Germany,66.66666666666666,,21
T-03,WC-1978,7,7,final,1978,Argentina,100.0,,21
T-03,WC-1982,5,4,second group stage,1982,Spain,80.0,,21
T-03,WC-1986,7,6,final,1986,Mexico,85.71428571428571,,21
T-03,WC-1990,7,5,final,1990,Italy,71.42857142857143,,21
T-03,WC-1994,4,3,round of 16,1994,United States,75.0,5.0,21
T-03,WC-1998,5,4,quarter-finals,1998,France,80.0,4.0,21
T-03,WC-2002,3,2,group stage,2002,"Korea, Japan",66.66666666666666,6.0,21
T-03,WC-2003,3,1,group stage,2003,United States,33.33333333333333,6.0,21
T-03,WC-2006,5,3,quarter-finals,2006,Germany,60.0,4.0,21
T-03,WC-2007,3,1,group stage,2007,China,33.33333333333333,6.0,21
T-03,WC-2010,5,4,quarter-finals,2010,South Africa,80.0,4.0,21
T-03,WC-2014,7,4,final,2014,Brazil,57.14285714285714,,21
T-03,WC-2018,4,2,round of 16,2018,Russia,50.0,5.0,21
T-03,WC-2019,3,1,group stage,2019,France,33.33333333333333,6.0,21
T-03,WC-2022,7,5,final,2022,Qatar,71.42857142857143,,21
T-04,WC-1974,3,2,group stage,1974,West Germany,66.66666666666666,6.0,13
T-04,WC-1995,3,0,group stage,1995,Sweden,0.0,6.0,13
T-04,WC-1999,3,2,group stage,1999,United States,66.66666666666666,6.0,13
T-04,WC-2003,3,1,group stage,2003,United States,33.33333333333333,6.0,13
T-04,WC-2006,4,1,round of 16,2006,Germany,25.0,5.0,13
T-04,WC-2007,4,2,quarter-final,2007,China,50.0,,13
T-04,WC-2010,3,1,group stage,2010,South Africa,33.33333333333333,6.0,13
T-04,WC-2011,4,2,quarter-final,2011,Germany,50.0,,13
T-04,WC-2014,3,2,group stage,2014,Brazil,66.66666666666666,6.0,13
T-04,WC-2015,5,3,quarter-final,2015,Canada,60.0,,13
T-04,WC-2018,3,1,group stage,2018,Russia,33.33333333333333,6.0,13
T-04,WC-2019,4,2,round of 16,2019,France,50.0,5.0,13
T-04,WC-2022,4,1,round of 16,2022,Qatar,25.0,5.0,13
T-05,WC-1934,4,2,third-place match,1934,Italy,50.0,,7
T-05,WC-1954,5,4,third-place match,1954,Switzerland,80.0,,7
T-05,WC-1958,3,0,group stage,1958,Sweden,0.0,6.0,7
T-05,WC-1978,6,4,second group stage,1978,Argentina,66.66666666666666,,7
T-05,WC-1982,5,2,second group stage,1982,Spain,40.0,,7
T-05,WC-1990,3,2,group stage,1990,Italy,66.66666666666666,6.0,7
T-05,WC-1998,3,0,group stage,1998,France,0.0,6.0,7
T-06,WC-1930,2,0,group stage,1930,Uruguay,0.0,6.0,14
T-06,WC-1934,1,0,round of 16,1934,Italy,0.0,5.0,14
T-06,WC-1938,1,0,round of 16,1938,France,0.0,5.0,14
T-06,WC-1954,2,0,group stage,1954,Switzerland,0.0,6.0,14
T-06,WC-1970,3,1,group stage,1970,Mexico,33.33333333333333,6.0,14
T-06,WC-1982,5,3,second group stage,1982,Spain,60.0,,14
T-06,WC-1986,7,2,third-place match,1986,Mexico,28.57142857142857,,14
T-06,WC-1990,4,3,round of 16,1990,Italy,75.0,5.0,14
T-06,WC-1994,4,3,round of 16,1994,United States,75.0,5.0,14
T-06,WC-1998,3,2,group stage,1998,France,66.66666666666666,6.0,14
T-06,WC-2002,4,1,round of 16,2002,"Korea, Japan",25.0,5.0,14
T-06,WC-2014,5,3,quarter-finals,2014,Brazil,60.0,4.0,14
T-06,WC-2018,7,4,third-place match,2018,Russia,57.14285714285714,,14
T-06,WC-2022,3,2,group stage,2022,Qatar,66.66666666666666,6.0,14
T-07,WC-1930,2,0,group stage,1930,Uruguay,0.0,6.0,3
T-07,WC-1950,1,0,group stage,1950,Brazil,0.0,6.0,3
T-07,WC-1994,3,1,group stage,1994,United States,33.33333333333333,6.0,3
T-08,WC-2014,3,1,group stage,2014,Brazil,33.33333333333333,6.0,1
T-09,WC-1930,2,1,group stage,1930,Uruguay,50.0,6.0,30
T-09,WC-1934,1,0,round of 16,1934,Italy,0.0,5.0,30
T-09,WC-1938,5,4,third-place match,1938,France,80.0,,30
T-09,WC-1950,6,5,final round,1950,Brazil,83.33333333333334,,30
T-09,WC-1954,3,2,quarter-finals,1954,Switzerland,66.66666666666666,4.0,30
T-09,WC-1958,6,6,final,1958,Sweden,100.0,,30
T-09,WC-1962,6,6,final,1962,Chile,100.0,,30
T-09,WC-1966,3,1,group stage,1966,England,33.33333333333333,6.0,30
T-09,WC-1970,6,6,final,1970,Mexico,100.0,,30
T-09,WC-1974,7,3,third-place match,1974,West Germany,42.857142857142854,,30
T-09,WC-1978,7,6,third-place match,1978,Argentina,85.71428571428571,,30
T-09,WC-1982,5,3,second group stage,1982,Spain,60.0,,30
T-09,WC-1986,5,3,quarter-finals,1986,Mexico,60.0,4.0,30
T-09,WC-1990,4,4,round of 16,1990,Italy,100.0,5.0,30
T-09,WC-1991,3,2,group stage,1991,China,66.66666666666666,6.0,30
T-09,WC-1994,7,5,final,1994,United States,71.42857142857143,,30
T-09,WC-1995,3,2,group stage,1995,Sweden,66.66666666666666,6.0,30
T-09,WC-1998,7,7,final,1998,France,100.0,,30
T-09,WC-1999,6,4,third-place match,1999,United States,66.66666666666666,,30
T-09,WC-2002,7,4,final,2002,"Korea, Japan",57.14285714285714,,30
T-09,WC-2003,4,2,quarter-final,2003,United States,50.0,,30
T-09,WC-2006,5,4,quarter-finals,2006,Germany,80.0,4.0,30
T-09,WC-2007,6,3,final,2007,China,50.0,,30
T-09,WC-2010,5,3,quarter-finals,2010,South Africa,60.0,4.0,30
T-09,WC-2011,4,3,quarter-final,2011,Germany,75.0,,30
T-09,WC-2014,7,6,third-place match,2014,Brazil,85.71428571428571,,30
T-09,WC-2015,4,3,round of 16,2015,Canada,75.0,5.0,30
T-09,WC-2018,5,4,quarter-finals,2018,Russia,80.0,4.0,30
T-09,WC-2019,4,1,round of 16,2019,France,25.0,5.0,30
T-09,WC-2022,5,3,quarter-finals,2022,Qatar,60.0,4.0,30
T-10,WC-1962,3,0,group stage,1962,Chile,0.0,6.0,7
T-10,WC-1966,3,0,group stage,1966,England,0.0,6.0,7
T-10,WC-1970,3,1,group stage,1970,Mexico,33.33333333333333,6.0,7
T-10,WC-1974,3,2,group stage,1974,West Germany,66.66666666666666,6.0,7
T-10,WC-1986,4,1,round of 16,1986,Mexico,25.0,5.0,7
T-10,WC-1994,7,3,third-place match,1994,United States,42.857142857142854,,7
T-10,WC-1998,3,0,group stage,1998,France,0.0,6.0,7
T-11,WC-1982,3,0,group stage,1982,Spain,0.0,6.0,10
T-11,WC-1990,5,4,quarter-finals,1990,Italy,80.0,4.0,10
T-11,WC-1994,3,1,group stage,1994,United States,33.33333333333333,6.0,10
T-11,WC-1998,3,1,group stage,1998,France,33.33333333333333,6.0,10
T-11,WC-2002,3,2,group stage,2002,"Korea, Japan",66.66666666666666,6.0,10
T-11,WC-2010,3,2,group stage,2010,South Africa,66.66666666666666,6.0,10
T-11,WC-2014,3,2,group stage,2014,Brazil,66.66666666666666,6.0,10
T-11,WC-2015,4,1,round of 16,2015,Canada,25.0,5.0,10
T-11,WC-2019,4,1,round of 16,2019,France,25.0,5.0,10
T-11,WC-2022,3,2,group stage,2022,Qatar,66.66666666666666,6.0,10
T-12,WC-1986,3,1,group stage,1986,Mexico,33.33333333333333,6.0,9
T-12,WC-1995,3,0,group stage,1995,Sweden,0.0,6.0,9
T-12,WC-1999,3,1,group stage,1999,United States,33.33333333333333,6.0,9
T-12,WC-2003,6,2,third-place match,2003,United States,33.33333333333333,,9
T-12,WC-2007,3,1,group stage,2007,China,33.33333333333333,6.0,9
T-12,WC-2011,3,2,group stage,2011,Germany,66.66666666666666,6.0,9
T-12,WC-2015,5,3,quarter-final,2015,Canada,60.0,,9
T-12,WC-2019,4,2,round of 16,2019,France,50.0,5.0,9
T-12,WC-2022,3,1,group stage,2022,Qatar,33.33333333333333,6.0,9
T-13,WC-1930,3,2,group stage,1930,Uruguay,66.66666666666666,6.0,10
T-13,WC-1950,3,1,group stage,1950,Brazil,33.33333333333333,6.0,10
T-13,WC-1962,6,4,third-place match,1962,Chile,66.66666666666666,,10
T-13,WC-1966,3,1,group stage,1966,England,33.33333333333333,6.0,10
T-13,WC-1974,3,1,group stage,1974,West Germany,33.33333333333333,6.0,10
T-13,WC-1982,3,1,group stage,1982,Spain,33.33333333333333,6.0,10
T-13,WC-1998,4,2,round of 16,1998,France,50.0,5.0,10
T-13,WC-2010,4,2,round of 16,2010,South Africa,50.0,5.0,10
T-13,WC-2014,4,1,round of 16,2014,Brazil,25.0,5.0,10
T-13,WC-2019,3,1,group stage,2019,France,33.33333333333333,6.0,10
T-14,WC-1991,4,4,quarter-final,1991,China,100.0,,8
T-14,WC-1995,6,3,third-place match,1995,Sweden,50.0,,8
T-14,WC-1999,6,4,final,1999,United States,66.66666666666666,,8
T-14,WC-2002,3,1,group stage,2002,"Korea, Japan",33.33333333333333,6.0,8
T-14,WC-2003,4,4,quarter-final,2003,United States,100.0,,8
T-14,WC-2007,4,2,quarter-final,2007,China,50.0,,8
T-14,WC-2015,5,4,quarter-final,2015,Canada,80.0,,8
T-14,WC-2019,4,1,round of 16,2019,France,25.0,5.0,8
T-15,WC-1991,4,3,quarter-final,1991,China,75.0,,1
T-16,WC-1962,3,0,group stage,1962,Chile,0.0,6.0,8
T-16,WC-1990,4,0,round of 16,1990,Italy,0.0,5.0,8
T-16,WC-1994,3,1,group stage,1994,United States,33.33333333333333,6.0,8
T-16,WC-1998,3,2,group stage,1998,France,66.66666666666666,6.0,8
T-16,WC-2011,3,1,group stage,2011,Germany,33.33333333333333,6.0,8
T-16,WC-2014,5,3,quarter-finals,2014,Brazil,60.0,4.0,8
T-16,WC-2015,4,1,round of 16,2015,Canada,25.0,5.0,8
T-16,WC-2018,4,2,round of 16,2018,Russia,50.0,5.0,8
T-17,WC-1990,4,1,round of 16,1990,Italy,25.0,5.0,7
T-17,WC-2002,3,2,group stage,2002,"Korea, Japan",66.66666666666666,6.0,7
T-17,WC-2006,3,1,group stage,2006,Germany,33.33333333333333,6.0,7
T-17,WC-2014,5,2,quarter-finals,2014,Brazil,40.0,4.0,7
T-17,WC-2015,3,1,group stage,2015,Canada,33.33333333333333,6.0,7
T-17,WC-2018,3,1,group stage,2018,Russia,33.33333333333333,6.0,7
T-17,WC-2022,3,1,group stage,2022,Qatar,33.33333333333333,6.0,7
T-18,WC-1998,7,0,third-place match,1998,France,0.0,,6
T-18,WC-2002,3,1,group stage,2002,"Korea, Japan",33.33333333333333,6.0,6
T-18,WC-2006,3,1,group stage,2006,Germany,33.33333333333333,6.0,6
T-18,WC-2014,3,1,group stage,2014,Brazil,33.33333333333333,6.0,6
T-18,WC-2018,7,3,final,2018,Russia,42.857142857142854,,6
T-18,WC-2022,7,4,third-place match,2022,Qatar,57.14285714285714,,6
T-19,WC-1938,3,2,quarter-finals,1938,France,66.66666666666666,4.0,1
T-20,WC-2006,3,2,group stage,2006,Germany,66.66666666666666,6.0,1
T-21,WC-1934,4,3,final,1934,Italy,75.0,,8
T-21,WC-1938,3,1,quarter-finals,1938,France,33.33333333333333,4.0,8
T-21,WC-1954,2,0,group stage,1954,Switzerland,0.0,6.0,8
T-21,WC-1958,4,1,group stage,1958,Sweden,25.0,6.0,8
T-21,WC-1962,6,3,final,1962,Chile,50.0,,8
T-21,WC-1970,3,0,group stage,1970,Mexico,0.0,6.0,8
T-21,WC-1982,3,1,group stage,1982,Spain,33.33333333333333,6.0,8
T-21,WC-1990,5,2,quarter-finals,1990,Italy,40.0,4.0,8
T-22,WC-1986,4,3,round of 16,1986,Mexico,75.0,5.0,10
T-22,WC-1991,4,2,quarter-final,1991,China,50.0,,10
T-22,WC-1995,4,1,quarter-final,1995,Sweden,25.0,,10
T-22,WC-1998,5,0,quarter-finals,1998,France,0.0,4.0,10
T-22,WC-1999,3,0,group stage,1999,United States,0.0,6.0,10
T-22,WC-2002,4,3,round of 16,2002,"Korea, Japan",75.0,5.0,10
T-22,WC-2007,3,1,group stage,2007,China,33.33333333333333,6.0,10
T-22,WC-2010,3,1,group stage,2010,South Africa,33.33333333333333,6.0,10
T-22,WC-2018,4,2,round of 16,2018,Russia,50.0,5.0,10
T-22,WC-2022,3,1,group stage,2022,Qatar,33.33333333333333,6.0,10
T-23,WC-1938,1,0,round of 16,1938,France,0.0,5.0,1
T-24,WC-1974,6,3,second group stage,1974,West Germany,50.0,,1
T-25,WC-2002,3,1,group stage,2002,"Korea, Japan",33.33333333333333,6.0,5
T-25,WC-2006,4,2,round of 16,2006,Germany,50.0,5.0,5
T-25,WC-2014,3,1,group stage,2014,Brazil,33.33333333333333,6.0,5
T-25,WC-2015,3,1,group stage,2015,Canada,33.33333333333333,6.0,5
T-25,WC-2022,3,1,group stage,2022,Qatar,33.33333333333333,6.0,5
T-26,WC-1934,1,0,round of 16,1934,Italy,0.0,5.0,3
T-26,WC-1990,3,0,group stage,1990,Italy,0.0,6.0,3
T-26,WC-2018,3,1,group stage,2018,Russia,33.33333333333333,6.0,3
T-27,WC-1970,3,0,group stage,1970,Mexico,0.0,6.0,2
T-27,WC-1982,3,0,group stage,1982,Spain,0.0,6.0,2
T-28,WC-1950,3,1,group stage,1950,Brazil,33.33333333333333,6.0,21
T-28,WC-1954,3,2,quarter-finals,1954,Switzerland,66.66666666666666,4.0,21
T-28,WC-1958,4,1,group stage,1958,Sweden,25.0,6.0,21
T-28,WC-1962,4,2,quarter-finals,1962,Chile,50.0,4.0,21
T-28,WC-1966,6,6,final,1966,England,100.0,,21
T-28,WC-1970,4,2,quarter-finals,1970,Mexico,50.0,4.0,21
T-28,WC-1982,5,3,second group stage,1982,Spain,60.0,,21
T-28,WC-1986,5,3,quarter-finals,1986,Mexico,60.0,4.0,21
T-28,WC-1990,7,4,third-place match,1990,Italy,57.14285714285714,,21
T-28,WC-1995,4,1,quarter-final,1995,Sweden,25.0,,21
T-28,WC-1998,4,1,round of 16,1998,France,25.0,5.0,21
T-28,WC-2002,5,2,quarter-finals,2002,"Korea, Japan",40.0,4.0,21
T-28,WC-2006,5,4,quarter-finals,2006,Germany,80.0,4.0,21
T-28,WC-2007,4,2,quarter-final,2007,China,50.0,,21
T-28,WC-2010,4,2,round of 16,2010,South Africa,50.0,5.0,21
T-28,WC-2011,4,2,quarter-final,2011,Germany,50.0,,21
T-28,WC-2014,3,1,group stage,2014,Brazil,33.33333333333333,6.0,21
T-28,WC-2015,7,3,third-place match,2015,Canada,42.857142857142854,,21
T-28,WC-2018,7,2,third-place match,2018,Russia,28.57142857142857,,21
T-28,WC-2019,7,5,third-place match,2019,France,71.42857142857143,,21
T-28,WC-2022,5,4,quarter-finals,2022,Qatar,80.0,4.0,21
T-29,WC-2011,3,1,group stage,2011,Germany,33.33333333333333,6.0,1
T-30,WC-1930,3,1,group stage,1930,Uruguay,33.33333333333333,6.0,20
T-30,WC-1934,1,0,round of 16,1934,Italy,0.0,5.0,20
T-30,WC-1938,2,1,quarter-finals,1938,France,50.0,4.0,20
T-30,WC-1954,2,1,group stage,1954,Switzerland,50.0,6.0,20
T-30,WC-1958,6,4,third-place match,1958,Sweden,66.66666666666666,,20
T-30,WC-1966,3,1,group stage,1966,England,33.33333333333333,6.0,20
T-30,WC-1978,3,1,group stage,1978,Argentina,33.33333333333333,6.0,20
T-30,WC-1982,7,3,third-place match,1982,Spain,42.857142857142854,,20
T-30,WC-1986,7,2,third-place match,1986,Mexico,28.57142857142857,,20
T-30,WC-1998,7,5,final,1998,France,71.42857142857143,,20
T-30,WC-2002,3,2,group stage,2002,"Korea, Japan",66.66666666666666,6.0,20
T-30,WC-2003,3,2,group stage,2003,United States,66.66666666666666,6.0,20
T-30,WC-2006,7,2,final,2006,Germany,28.57142857142857,,20
T-30,WC-2010,3,2,group stage,2010,South Africa,66.66666666666666,6.0,20
T-30,WC-2011,6,2,third-place match,2011,Germany,33.33333333333333,,20
T-30,WC-2014,5,3,quarter-finals,2014,Brazil,60.0,4.0,20
T-30,WC-2015,5,3,quarter-final,2015,Canada,60.0,,20
T-30,WC-2018,7,5,final,2018,Russia,71.42857142857143,,20
T-30,WC-2019,5,4,quarter-final,2019,France,80.0,,20
T-30,WC-2022,7,4,final,2022,Qatar,57.14285714285714,,20
T-31,WC-1934,4,3,third-place match,1934,Italy,75.0,,18
T-31,WC-1938,2,0,round of 16,1938,France,0.0,5.0,18
T-31,WC-1991,6,2,third-place match,1991,China,33.33333333333333,,18
T-31,WC-1994,5,4,quarter-finals,1994,United States,80.0,4.0,18
T-31,WC-1995,6,4,final,1995,Sweden,66.66666666666666,,18
T-31,WC-1998,5,5,quarter-finals,1998,France,100.0,4.0,18
T-31,WC-1999,4,3,quarter-final,1999,United States,75.0,,18
T-31,WC-2002,7,6,final,2002,"Korea, Japan",85.71428571428571,,18
T-31,WC-2003,6,4,final,2003,United States,66.66666666666666,,18
T-31,WC-2006,7,6,third-place match,2006,Germany,85.71428571428571,,18
T-31,WC-2007,6,5,final,2007,China,83.33333333333334,,18
T-31,WC-2010,7,4,third-place match,2010,South Africa,57.14285714285714,,18
T-31,WC-2011,4,3,quarter-final,2011,Germany,75.0,,18
T-31,WC-2014,7,4,final,2014,Brazil,57.14285714285714,,18
T-31,WC-2015,7,5,third-place match,2015,Canada,71.42857142857143,,18
T-31,WC-2018,3,2,group stage,2018,Russia,66.66666666666666,6.0,18
T-31,WC-2019,5,4,quarter-final,2019,France,80.0,,18
T-31,WC-2022,3,1,group stage,2022,Qatar,33.33333333333333,6.0,18
T-32,WC-1999,3,1,group stage,1999,United States,33.33333333333333,6.0,7
T-32,WC-2003,3,2,group stage,2003,United States,66.66666666666666,6.0,7
T-32,WC-2006,4,1,round of 16,2006,Germany,25.0,5.0,7
T-32,WC-2007,3,1,group stage,2007,China,33.33333333333333,6.0,7
T-32,WC-2010,5,2,quarter-finals,2010,South Africa,40.0,4.0,7
T-32,WC-2014,3,1,group stage,2014,Brazil,33.33333333333333,6.0,7
T-32,WC-2022,3,1,group stage,2022,Qatar,33.33333333333333,6.0,7
T-33,WC-1994,3,1,group stage,1994,United States,33.33333333333333,6.0,3
T-33,WC-2010,3,2,group stage,2010,South Africa,66.66666666666666,6.0,3
T-33,WC-2014,4,1,round of 16,2014,Brazil,25.0,5.0,3
T-34,WC-1974,3,1,group stage,1974,West Germany,33.33333333333333,6.0,1
T-35,WC-1982,3,2,group stage,1982,Spain,66.66666666666666,6.0,3
T-35,WC-2010,3,1,group stage,2010,South Africa,33.33333333333333,6.0,3
T-35,WC-2014,3,2,group stage,2014,Brazil,66.66666666666666,6.0,3
T-36,WC-1934,2,1,quarter-finals,1934,Italy,50.0,4.0,9
T-36,WC-1938,4,3,final,1938,France,75.0,,9
T-36,WC-1954,5,4,final,1954,Switzerland,80.0,,9
T-36,WC-1958,4,2,group stage,1958,Sweden,50.0,6.0,9
T-36,WC-1962,4,3,quarter-finals,1962,Chile,75.0,4.0,9
T-36,WC-1966,4,2,quarter-finals,1966,England,50.0,4.0,9
T-36,WC-1978,3,0,group stage,1978,Argentina,0.0,6.0,9
T-36,WC-1982,3,1,group stage,1982,Spain,33.33333333333333,6.0,9
T-36,WC-1986,3,2,group stage,1986,Mexico,66.66666666666666,6.0,9
T-37,WC-2018,3,1,group stage,2018,Russia,33.33333333333333,6.0,1
T-38,WC-1978,3,0,group stage,1978,Argentina,0.0,6.0,6
T-38,WC-1998,3,0,group stage,1998,France,0.0,6.0,6
T-38,WC-2006,3,1,group stage,2006,Germany,33.33333333333333,6.0,6
T-38,WC-2014,3,1,group stage,2014,Brazil,33.33333333333333,6.0,6
T-38,WC-2018,3,2,group stage,2018,Russia,66.66666666666666,6.0,6
T-38,WC-2022,3,1,group stage,2022,Qatar,33.33333333333333,6.0,6
T-39,WC-1986,3,2,group stage,1986,Mexico,66.66666666666666,6.0,1
T-40,WC-1970,3,0,group stage,1970,Mexico,0.0,6.0,1
T-41,WC-1934,5,5,final,1934,Italy,100.0,,21
T-41,WC-1938,4,4,final,1938,France,100.0,,21
T-41,WC-1950,2,1,group stage,1950,Brazil,50.0,6.0,21
T-41,WC-1954,3,1,group stage,1954,Switzerland,33.33333333333333,6.0,21
T-41,WC-1962,3,1,group stage,1962,Chile,33.33333333333333,6.0,21
T-41,WC-1966,3,1,group stage,1966,England,33.33333333333333,6.0,21
T-41,WC-1970,6,4,final,1970,Mexico,66.66666666666666,,21
T-41,WC-1974,3,1,group stage,1974,West Germany,33.33333333333333,6.0,21
T-41,WC-1978,7,5,third-place match,1978,Argentina,71.42857142857143,,21
T-41,WC-1982,7,6,final,1982,Spain,85.71428571428571,,21
T-41,WC-1986,4,2,round of 16,1986,Mexico,50.0,5.0,21
T-41,WC-1990,7,5,third-place match,1990,Italy,71.42857142857143,,21
T-41,WC-1991,4,2,quarter-final,1991,China,50.0,,21
T-41,WC-1994,7,4,final,1994,United States,57.14285714285714,,21
T-41,WC-1998,5,5,quarter-finals,1998,France,100.0,4.0,21
T-41,WC-1999,3,0,group stage,1999,United States,0.0,6.0,21
T-41,WC-2002,4,2,round of 16,2002,"Korea, Japan",50.0,5.0,21
T-41,WC-2006,7,5,final,2006,Germany,71.42857142857143,,21
T-41,WC-2010,3,2,group stage,2010,South Africa,66.66666666666666,6.0,21
T-41,WC-2014,3,2,group stage,2014,Brazil,66.66666666666666,6.0,21
T-41,WC-2019,5,3,quarter-final,2019,France,60.0,,21
T-42,WC-2006,3,1,group stage,2006,Germany,33.33333333333333,6.0,4
T-42,WC-2010,3,1,group stage,2010,South Africa,33.33333333333333,6.0,4
T-42,WC-2014,3,1,group stage,2014,Brazil,33.33333333333333,6.0,4
T-42,WC-2015,3,2,group stage,2015,Canada,66.66666666666666,6.0,4
T-43,WC-1998,3,1,group stage,1998,France,33.33333333333333,6.0,2
T-43,WC-2019,3,2,group stage,2019,France,66.66666666666666,6.0,2
T-44,WC-1991,3,3,group stage,1991,China,100.0,6.0,15
T-44,WC-1995,4,1,quarter-final,1995,Sweden,25.0,,15
T-44,WC-1998,3,2,group stage,1998,France,66.66666666666666,6.0,15
T-44,WC-1999,3,2,group stage,1999,United States,66.66666666666666,6.0,15
T-44,WC-2002,4,3,round of 16,2002,"Korea, Japan",75.0,5.0,15
T-44,WC-2003,3,1,group stage,2003,United States,33.33333333333333,6.0,15
T-44,WC-2006,3,2,group stage,2006,Germany,66.66666666666666,6.0,15
T-44,WC-2007,3,1,group stage,2007,China,33.33333333333333,6.0,15
T-44,WC-2010,4,1,round of 16,2010,South Africa,25.0,5.0,15
T-44,WC-2011,6,4,final,2011,Germany,66.66666666666666,,15
T-44,WC-2014,3,2,group stage,2014,Brazil,66.66666666666666,6.0,15
T-44,WC-2015,7,4,final,2015,Canada,57.14285714285714,,15
T-44,WC-2018,4,2,round of 16,2018,Russia,50.0,5.0,15
T-44,WC-2019,4,2,round of 16,2019,France,50.0,5.0,15
T-44,WC-2022,4,3,round of 16,2022,Qatar,75.0,5.0,15
T-45,WC-1982,3,0,group stage,1982,Spain,0.0,6.0,1
T-46,WC-1930,3,0,group stage,1930,Uruguay,0.0,6.0,20
T-46,WC-1950,3,0,group stage,1950,Brazil,0.0,6.0,20
T-46,WC-1954,2,0,group stage,1954,Switzerland,0.0,6.0,20
T-46,WC-1958,3,1,group stage,1958,Sweden,33.33333333333333,6.0,20
T-46,WC-1962,3,1,group stage,1962,Chile,33.33333333333333,6.0,20
T-46,WC-1966,3,1,group stage,1966,England,33.33333333333333,6.0,20
T-46,WC-1970,4,3,quarter-finals,1970,Mexico,75.0,4.0,20
T-46,WC-1978,3,0,group stage,1978,Argentina,0.0,6.0,20
T-46,WC-1986,5,2,quarter-finals,1986,Mexico,40.0,4.0,20
T-46,WC-1994,4,2,round of 16,1994,United States,50.0,5.0,20
T-46,WC-1998,4,0,round of 16,1998,France,0.0,5.0,20
T-46,WC-1999,3,1,group stage,1999,United States,33.33333333333333,6.0,20
T-46,WC-2002,4,3,round of 16,2002,"Korea, Japan",75.0,5.0,20
T-46,WC-2006,4,2,round of 16,2006,Germany,50.0,5.0,20
T-46,WC-2010,4,1,round of 16,2010,South Africa,25.0,5.0,20
T-46,WC-2011,3,1,group stage,2011,Germany,33.33333333333333,6.0,20
T-46,WC-2014,4,1,round of 16,2014,Brazil,25.0,5.0,20
T-46,WC-2015,3,1,group stage,2015,Canada,33.33333333333333,6.0,20
T-46,WC-2018,4,1,round of 16,2018,Russia,25.0,5.0,20
T-46,WC-2022,3,1,group stage,2022,Qatar,33.33333333333333,6.0,20
T-47,WC-1970,3,0,group stage,1970,Mexico,0.0,6.0,6
T-47,WC-1986,4,2,round of 16,1986,Mexico,50.0,5.0,6
T-47,WC-1994,3,1,group stage,1994,United States,33.33333333333333,6.0,6
T-47,WC-1998,3,1,group stage,1998,France,33.33333333333333,6.0,6
T-47,WC-2018,3,1,group stage,2018,Russia,33.33333333333333,6.0,6
T-47,WC-2022,7,3,third-place match,2022,Qatar,42.857142857142854,,6
T-48,WC-1934,1,0,round of 16,1934,Italy,0.0,5.0,13
T-48,WC-1938,1,0,round of 16,1938,France,0.0,5.0,13
T-48,WC-1974,7,4,final,1974,West Germany,57.14285714285714,,13
T-48,WC-1978,7,3,final,1978,Argentina,42.857142857142854,,13
T-48,WC-1990,4,1,round of 16,1990,Italy,25.0,5.0,13
T-48,WC-1994,5,3,quarter-finals,1994,United States,60.0,4.0,13
T-48,WC-1998,7,6,third-place match,1998,France,85.71428571428571,,13
T-48,WC-2006,4,2,round of 16,2006,Germany,50.0,5.0,13
T-48,WC-2010,7,5,final,2010,South Africa,71.42857142857143,,13
T-48,WC-2014,7,4,third-place match,2014,Brazil,57.14285714285714,,13
T-48,WC-2015,4,1,round of 16,2015,Canada,25.0,5.0,13
T-48,WC-2019,7,4,final,2019,France,57.14285714285714,,13
T-48,WC-2022,5,4,quarter-finals,2022,Qatar,80.0,4.0,13
T-49,WC-1982,3,0,group stage,1982,Spain,0.0,6.0,7
T-49,WC-1991,3,0,group stage,1991,China,0.0,6.0,7
T-49,WC-2007,3,1,group stage,2007,China,33.33333333333333,6.0,7
T-49,WC-2010,3,1,group stage,2010,South Africa,33.33333333333333,6.0,7
T-49,WC-2011,3,2,group stage,2011,Germany,66.66666666666666,6.0,7
T-49,WC-2015,3,1,group stage,2015,Canada,33.33333333333333,6.0,7
T-49,WC-2019,3,1,group stage,2019,France,33.33333333333333,6.0,7
T-50,WC-1991,3,0,group stage,1991,China,0.0,6.0,14
T-50,WC-1994,4,2,round of 16,1994,United States,50.0,5.0,14
T-50,WC-1995,3,2,group stage,1995,Sweden,66.66666666666666,6.0,14
T-50,WC-1998,4,3,round of 16,1998,France,75.0,5.0,14
T-50,WC-1999,4,1,quarter-final,1999,United States,25.0,,14
T-50,WC-2002,3,1,group stage,2002,"Korea, Japan",33.33333333333333,6.0,14
T-50,WC-2003,3,1,group stage,2003,United States,33.33333333333333,6.0,14
T-50,WC-2007,3,2,group stage,2007,China,66.66666666666666,6.0,14
T-50,WC-2010,3,1,group stage,2010,South Africa,33.33333333333333,6.0,14
T-50,WC-2011,3,1,group stage,2011,Germany,33.33333333333333,6.0,14
T-50,WC-2014,4,2,round of 16,2014,Brazil,50.0,5.0,14
T-50,WC-2015,3,1,group stage,2015,Canada,33.33333333333333,6.0,14
T-50,WC-2018,3,2,group stage,2018,Russia,66.66666666666666,6.0,14
T-50,WC-2019,4,2,round of 16,2019,France,50.0,5.0,14
T-51,WC-1966,4,1,quarter-finals,1966,England,25.0,4.0,6
T-51,WC-1999,3,2,group stage,1999,United States,66.66666666666666,6.0,6
T-51,WC-2003,3,1,group stage,2003,United States,33.33333333333333,6.0,6
T-51,WC-2007,4,2,quarter-final,2007,China,50.0,,6
T-51,WC-2010,3,1,group stage,2010,South Africa,33.33333333333333,6.0,6
T-51,WC-2011,3,2,group stage,2011,Germany,66.66666666666666,6.0,6
T-52,WC-1958,5,2,quarter-finals,1958,Sweden,40.0,4.0,3
T-52,WC-1982,5,0,second group stage,1982,Spain,0.0,,3
T-52,WC-1986,3,2,group stage,1986,Mexico,66.66666666666666,6.0,3
T-53,WC-1938,1,0,round of 16,1938,France,0.0,5.0,11
T-53,WC-1991,6,4,final,1991,China,66.66666666666666,,11
T-53,WC-1994,3,1,group stage,1994,United States,33.33333333333333,6.0,11
T-53,WC-1995,6,4,final,1995,Sweden,66.66666666666666,,11
T-53,WC-1998,4,0,round of 16,1998,France,0.0,5.0,11
T-53,WC-1999,6,5,third-place match,1999,United States,83.33333333333334,,11
T-53,WC-2003,4,2,quarter-final,2003,United States,50.0,,11
T-53,WC-2007,6,4,third-place match,2007,China,66.66666666666666,,11
T-53,WC-2011,3,1,group stage,2011,Germany,33.33333333333333,6.0,11
T-53,WC-2015,4,2,round of 16,2015,Canada,50.0,5.0,11
T-53,WC-2019,5,3,quarter-final,2019,France,60.0,,11
T-54,WC-2018,3,1,group stage,2018,Russia,33.33333333333333,6.0,1
T-55,WC-1930,2,1,group stage,1930,Uruguay,50.0,6.0,8
T-55,WC-1950,2,0,group stage,1950,Brazil,0.0,6.0,8
T-55,WC-1958,3,2,group stage,1958,Sweden,66.66666666666666,6.0,8
T-55,WC-1986,4,2,round of 16,1986,Mexico,50.0,5.0,8
T-55,WC-1998,4,1,round of 16,1998,France,25.0,5.0,8
T-55,WC-2002,4,1,round of 16,2002,"Korea, Japan",25.0,5.0,8
T-55,WC-2006,3,1,group stage,2006,Germany,33.33333333333333,6.0,8
T-55,WC-2010,5,3,quarter-finals,2010,South Africa,60.0,4.0,8
T-56,WC-1930,2,0,group stage,1930,Uruguay,0.0,6.0,5
T-56,WC-1970,4,2,quarter-finals,1970,Mexico,50.0,4.0,5
T-56,WC-1978,6,3,second group stage,1978,Argentina,50.0,,5
T-56,WC-1982,3,1,group stage,1982,Spain,33.33333333333333,6.0,5
T-56,WC-2018,3,1,group stage,2018,Russia,33.33333333333333,6.0,5
T-57,WC-1938,1,0,round of 16,1938,France,0.0,5.0,9
T-57,WC-1974,7,4,third-place match,1974,West Germany,57.14285714285714,,9
T-57,WC-1978,6,2,second group stage,1978,Argentina,33.33333333333333,,9
T-57,WC-1982,7,5,third-place match,1982,Spain,71.42857142857143,,9
T-57,WC-1986,4,1,round of 16,1986,Mexico,25.0,5.0,9
T-57,WC-2002,3,1,group stage,2002,"Korea, Japan",33.33333333333333,6.0,9
T-57,WC-2006,3,1,group stage,2006,Germany,33.33333333333333,6.0,9
T-57,WC-2018,3,2,group stage,2018,Russia,66.66666666666666,6.0,9
T-57,WC-2022,4,2,round of 16,2022,Qatar,50.0,5.0,9
T-58,WC-1966,6,5,third-place match,1966,England,83.33333333333334,,8
T-58,WC-1986,3,2,group stage,1986,Mexico,66.66666666666666,6.0,8
T-58,WC-2002,3,2,group stage,2002,"Korea, Japan",66.66666666666666,6.0,8
T-58,WC-2006,7,4,third-place match,2006,Germany,57.14285714285714,,8
T-58,WC-2010,4,2,round of 16,2010,South Africa,50.0,5.0,8
T-58,WC-2014,3,1,group stage,2014,Brazil,33.33333333333333,6.0,8
T-58,WC-2018,4,2,round of 16,2018,Russia,50.0,5.0,8
T-58,WC-2022,5,3,quarter-finals,2022,Qatar,60.0,4.0,8
T-59,WC-2022,3,2,group stage,2022,Qatar,66.66666666666666,6.0,1
T-60,WC-1990,5,4,quarter-finals,1990,Italy,80.0,4.0,3
T-60,WC-1994,4,1,round of 16,1994,United States,25.0,5.0,3
T-60,WC-2002,4,1,round of 16,2002,"Korea, Japan",25.0,5.0,3
T-61,WC-1930,2,1,group stage,1930,Uruguay,50.0,6.0,7
T-61,WC-1934,1,0,round of 16,1934,Italy,0.0,5.0,7
T-61,WC-1938,2,0,round of 16,1938,France,0.0,5.0,7
T-61,WC-1970,3,1,group stage,1970,Mexico,33.33333333333333,6.0,7
T-61,WC-1990,4,0,round of 16,1990,Italy,0.0,5.0,7
T-61,WC-1994,5,3,quarter-finals,1994,United States,60.0,4.0,7
T-61,WC-1998,4,4,round of 16,1998,France,100.0,5.0,7
T-62,WC-1994,3,1,group stage,1994,United States,33.33333333333333,6.0,6
T-62,WC-1999,4,0,quarter-final,1999,United States,0.0,,6
T-62,WC-2002,3,1,group stage,2002,"Korea, Japan",33.33333333333333,6.0,6
T-62,WC-2003,4,0,quarter-final,2003,United States,0.0,,6
T-62,WC-2014,3,1,group stage,2014,Brazil,33.33333333333333,6.0,6
T-62,WC-2018,5,3,quarter-finals,2018,Russia,60.0,4.0,6
T-63,WC-1994,4,2,round of 16,1994,United States,50.0,5.0,6
T-63,WC-1998,3,1,group stage,1998,France,33.33333333333333,6.0,6
T-63,WC-2002,3,1,group stage,2002,"Korea, Japan",33.33333333333333,6.0,6
T-63,WC-2006,3,2,group stage,2006,Germany,66.66666666666666,6.0,6
T-63,WC-2018,3,1,group stage,2018,Russia,33.33333333333333,6.0,6
T-63,WC-2022,3,1,group stage,2022,Qatar,33.33333333333333,6.0,6
T-64,WC-1954,2,0,group stage,1954,Switzerland,0.0,6.0,9
T-64,WC-1958,3,0,group stage,1958,Sweden,0.0,6.0,9
T-64,WC-1974,3,2,group stage,1974,West Germany,66.66666666666666,6.0,9
T-64,WC-1978,3,2,group stage,1978,Argentina,66.66666666666666,6.0,9
T-64,WC-1982,3,1,group stage,1982,Spain,33.33333333333333,6.0,9
T-64,WC-1986,3,2,group stage,1986,Mexico,66.66666666666666,6.0,9
T-64,WC-1990,3,0,group stage,1990,Italy,0.0,6.0,9
T-64,WC-1998,3,2,group stage,1998,France,66.66666666666666,6.0,9
T-64,WC-2019,3,1,group stage,2019,France,33.33333333333333,6.0,9
T-65,WC-2002,5,2,quarter-finals,2002,"Korea, Japan",40.0,4.0,3
T-65,WC-2018,3,1,group stage,2018,Russia,33.33333333333333,6.0,3
T-65,WC-2022,4,1,round of 16,2022,Qatar,25.0,5.0,3
T-66,WC-2010,3,1,group stage,2010,South Africa,33.33333333333333,6.0,3
T-66,WC-2018,3,2,group stage,2018,Russia,66.66666666666666,6.0,3
T-66,WC-2022,3,1,group stage,2022,Qatar,33.33333333333333,6.0,3
T-67,WC-2006,3,1,group stage,2006,Germany,33.33333333333333,6.0,1
T-68,WC-2010,4,2,round of 16,2010,South Africa,50.0,5.0,1
T-69,WC-2002,3,1,group stage,2002,"Korea, Japan",33.33333333333333,6.0,2
T-69,WC-2010,3,2,group stage,2010,South Africa,66.66666666666666,6.0,2
T-70,WC-1998,3,2,group stage,1998,France,66.66666666666666,6.0,4
T-70,WC-2002,3,2,group stage,2002,"Korea, Japan",66.66666666666666,6.0,4
T-70,WC-2010,3,2,group stage,2010,South Africa,66.66666666666666,6.0,4
T-70,WC-2019,3,2,group stage,2019,France,66.66666666666666,6.0,4
T-71,WC-1954,2,0,group stage,1954,Switzerland,0.0,6.0,14
T-71,WC-1986,3,2,group stage,1986,Mexico,66.66666666666666,6.0,14
T-71,WC-1990,3,2,group stage,1990,Italy,66.66666666666666,6.0,14
T-71,WC-1994,3,1,group stage,1994,United States,33.33333333333333,6.0,14
T-71,WC-1998,3,1,group stage,1998,France,33.33333333333333,6.0,14
T-71,WC-2002,7,4,third-place match,2002,"Korea, Japan",57.14285714285714,,14
T-71,WC-2003,3,1,group stage,2003,United States,33.33333333333333,6.0,14
T-71,WC-2006,3,1,group stage,2006,Germany,33.33333333333333,6.0,14
T-71,WC-2010,4,1,round of 16,2010,South Africa,25.0,5.0,14
T-71,WC-2014,3,2,group stage,2014,Brazil,66.66666666666666,6.0,14
T-71,WC-2015,4,2,round of 16,2015,Canada,50.0,5.0,14
T-71,WC-2018,3,2,group stage,2018,Russia,66.66666666666666,6.0,14
T-71,WC-2019,3,1,group stage,2019,France,33.33333333333333,6.0,14
T-71,WC-2022,4,2,round of 16,2022,Qatar,50.0,5.0,14
T-72,WC-1958,5,3,quarter-finals,1958,Sweden,60.0,4.0,7
T-72,WC-1962,4,3,quarter-finals,1962,Chile,75.0,4.0,7
T-72,WC-1966,6,4,third-place match,1966,England,66.66666666666666,,7
T-72,WC-1970,4,3,quarter-finals,1970,Mexico,75.0,4.0,7
T-72,WC-1982,5,3,second group stage,1982,Spain,60.0,,7
T-72,WC-1986,4,3,round of 16,1986,Mexico,75.0,5.0,7
T-72,WC-1990,3,1,group stage,1990,Italy,33.33333333333333,6.0,7
T-73,WC-1934,3,1,quarter-finals,1934,Italy,33.33333333333333,4.0,18
T-73,WC-1950,6,3,final round,1950,Brazil,50.0,,18
T-73,WC-1962,3,1,group stage,1962,Chile,33.33333333333333,6.0,18
T-73,WC-1966,3,1,group stage,1966,England,33.33333333333333,6.0,18
T-73,WC-1978,3,1,group stage,1978,Argentina,33.33333333333333,6.0,18
T-73,WC-1982,5,4,second group stage,1982,Spain,80.0,,18
T-73,WC-1986,5,2,quarter-finals,1986,Mexico,40.0,4.0,18
T-73,WC-1990,4,1,round of 16,1990,Italy,25.0,5.0,18
T-73,WC-1994,5,2,quarter-finals,1994,United States,40.0,4.0,18
T-73,WC-1998,3,3,group stage,1998,France,100.0,6.0,18
T-73,WC-2002,5,4,quarter-finals,2002,"Korea, Japan",80.0,4.0,18
T-73,WC-2006,4,3,round of 16,2006,Germany,75.0,5.0,18
T-73,WC-2010,7,3,final,2010,South Africa,42.857142857142854,,18
T-73,WC-2014,3,2,group stage,2014,Brazil,66.66666666666666,6.0,18
T-73,WC-2015,3,1,group stage,2015,Canada,33.33333333333333,6.0,18
T-73,WC-2018,4,2,round of 16,2018,Russia,50.0,5.0,18
T-73,WC-2019,4,2,round of 16,2019,France,50.0,5.0,18
T-73,WC-2022,4,2,round of 16,2022,Qatar,50.0,5.0,18
T-74,WC-1934,2,1,quarter-finals,1934,Italy,50.0,4.0,20
T-74,WC-1938,3,1,third-place match,1938,France,33.33333333333333,,20
T-74,WC-1950,5,3,final round,1950,Brazil,60.0,,20
T-74,WC-1958,6,5,final,1958,Sweden,83.33333333333334,,20
T-74,WC-1970,3,2,group stage,1970,Mexico,66.66666666666666,6.0,20
T-74,WC-1974,6,4,second group stage,1974,West Germany,66.66666666666666,,20
T-74,WC-1978,3,0,group stage,1978,Argentina,0.0,6.0,20
T-74,WC-1990,3,2,group stage,1990,Italy,66.66666666666666,6.0,20
T-74,WC-1991,6,3,third-place match,1991,China,50.0,,20
T-74,WC-1994,7,3,third-place match,1994,United States,42.857142857142854,,20
T-74,WC-1995,4,4,quarter-final,1995,Sweden,100.0,,20
T-74,WC-1999,4,0,quarter-final,1999,United States,0.0,,20
T-74,WC-2002,4,3,round of 16,2002,"Korea, Japan",75.0,5.0,20
T-74,WC-2003,6,3,final,2003,United States,50.0,,20
T-74,WC-2006,4,2,round of 16,2006,Germany,50.0,5.0,20
T-74,WC-2007,3,1,group stage,2007,China,33.33333333333333,6.0,20
T-74,WC-2011,6,3,third-place match,2011,Germany,50.0,,20
T-74,WC-2015,4,1,round of 16,2015,Canada,25.0,5.0,20
T-74,WC-2018,5,3,quarter-finals,2018,Russia,60.0,4.0,20
T-74,WC-2019,7,3,third-place match,2019,France,42.857142857142854,,20
T-75,WC-1934,2,1,quarter-finals,1934,Italy,50.0,4.0,13
T-75,WC-1938,3,2,quarter-finals,1938,France,66.66666666666666,4.0,13
T-75,WC-1950,3,1,group stage,1950,Brazil,33.33333333333333,6.0,13
T-75,WC-1954,4,2,quarter-finals,1954,Switzerland,50.0,4.0,13
T-75,WC-1962,3,0,group stage,1962,Chile,0.0,6.0,13
T-75,WC-1966,3,0,group stage,1966,England,0.0,6.0,13
T-75,WC-1994,4,1,round of 16,1994,United States,25.0,5.0,13
T-75,WC-2006,4,2,round of 16,2006,Germany,50.0,5.0,13
T-75,WC-2010,3,1,group stage,2010,South Africa,33.33333333333333,6.0,13
T-75,WC-2014,4,2,round of 16,2014,Brazil,50.0,5.0,13
T-75,WC-2015,4,2,round of 16,2015,Canada,50.0,5.0,13
T-75,WC-2018,4,1,round of 16,2018,Russia,25.0,5.0,13
T-75,WC-2022,4,1,round of 16,2022,Qatar,25.0,5.0,13
T-76,WC-2015,3,1,group stage,2015,Canada,33.33333333333333,6.0,2
T-76,WC-2019,3,1,group stage,2019,France,33.33333333333333,6.0,2
T-77,WC-2006,3,2,group stage,2006,Germany,66.66666666666666,6.0,1
T-78,WC-2006,3,1,group stage,2006,Germany,33.33333333333333,6.0,1
T-79,WC-1978,3,1,group stage,1978,Argentina,33.33333333333333,6.0,6
T-79,WC-1998,3,0,group stage,1998,France,0.0,6.0,6
T-79,WC-2002,3,2,group stage,2002,"Korea, Japan",66.66666666666666,6.0,6
T-79,WC-2006,3,1,group stage,2006,Germany,33.33333333333333,6.0,6
T-79,WC-2018,3,1,group stage,2018,Russia,33.33333333333333,6.0,6
T-79,WC-2022,3,2,group stage,2022,Qatar,66.66666666666666,6.0,6
T-80,WC-1954,3,1,group stage,1954,Switzerland,33.33333333333333,6.0,2
T-80,WC-2002,7,1,third-place match,2002,"Korea, Japan",14.285714285714285,,2
T-81,WC-2006,5,1,quarter-finals,2006,Germany,20.0,4.0,1
T-82,WC-1990,3,1,group stage,1990,Italy,33.33333333333333,6.0,1
T-83,WC-1930,3,2,semi-finals,1930,Uruguay,66.66666666666666,3.0,19
T-83,WC-1934,1,0,round of 16,1934,Italy,0.0,5.0,19
T-83,WC-1950,3,1,group stage,1950,Brazil,33.33333333333333,6.0,19
T-83,WC-1990,3,1,group stage,1990,Italy,33.33333333333333,6.0,19
T-83,WC-1991,6,1,final,1991,China,16.666666666666664,,19
T-83,WC-1994,4,3,round of 16,1994,United States,75.0,5.0,19
T-83,WC-1995,6,4,third-place match,1995,Sweden,66.66666666666666,,19
T-83,WC-1998,3,2,group stage,1998,France,66.66666666666666,6.0,19
T-83,WC-1999,6,6,final,1999,United States,100.0,,19
T-83,WC-2002,5,1,quarter-finals,2002,"Korea, Japan",20.0,4.0,19
T-83,WC-2003,6,5,third-place match,2003,United States,83.33333333333334,,19
T-83,WC-2006,3,1,group stage,2006,Germany,33.33333333333333,6.0,19
T-83,WC-2007,6,3,third-place match,2007,China,50.0,,19
T-83,WC-2010,4,2,round of 16,2010,South Africa,50.0,5.0,19
T-83,WC-2011,6,2,final,2011,Germany,33.33333333333333,,19
T-83,WC-2014,4,2,round of 16,2014,Brazil,50.0,5.0,19
T-83,WC-2015,7,5,final,2015,Canada,71.42857142857143,,19
T-83,WC-2019,7,3,final,2019,France,42.857142857142854,,19
T-83,WC-2022,4,1,round of 16,2022,Qatar,25.0,5.0,19
T-84,WC-1930,4,4,final,1930,Uruguay,100.0,,14
T-84,WC-1950,4,4,final round,1950,Brazil,100.0,,14
T-84,WC-1954,5,3,third-place match,1954,Switzerland,60.0,,14
T-84,WC-1962,3,1,group stage,1962,Chile,33.33333333333333,6.0,14
T-84,WC-1966,4,1,quarter-finals,1966,England,25.0,4.0,14
T-84,WC-1970,6,2,third-place match,1970,Mexico,33.33333333333333,,14
T-84,WC-1974,3,1,group stage,1974,West Germany,33.33333333333333,6.0,14
T-84,WC-1986,4,1,round of 16,1986,Mexico,25.0,5.0,14
T-84,WC-1990,4,1,round of 16,1990,Italy,25.0,5.0,14
T-84,WC-2002,3,1,group stage,2002,"Korea, Japan",33.33333333333333,6.0,14
T-84,WC-2010,7,5,third-place match,2010,South Africa,71.42857142857143,,14
T-84,WC-2014,4,2,round of 16,2014,Brazil,50.0,5.0,14
T-84,WC-2018,5,4,quarter-finals,2018,Russia,80.0,4.0,14
T-84,WC-2022,3,1,group stage,2022,Qatar,33.33333333333333,6.0,14
T-85,WC-1958,5,1,quarter-finals,1958,Sweden,20.0,4.0,2
T-85,WC-2022,3,2,group stage,2022,Qatar,66.66666666666666,6.0,2
T-86,WC-1954,6,5,final,1954,Switzerland,83.33333333333334,,10
T-86,WC-1958,6,3,third-place match,1958,Sweden,50.0,,10
T-86,WC-1962,4,3,quarter-finals,1962,Chile,75.0,4.0,10
T-86,WC-1966,6,4,final,1966,England,66.66666666666666,,10
T-86,WC-1970,6,5,third-place match,1970,Mexico,83.33333333333334,,10
T-86,WC-1974,7,2,final,1974,West Germany,28.57142857142857,,10
T-86,WC-1978,6,3,second group stage,1978,Argentina,50.0,,10
T-86,WC-1982,7,6,final,1982,Spain,85.71428571428571,,10
T-86,WC-1986,7,2,final,1986,Mexico,28.57142857142857,,10
T-86,WC-1990,7,6,final,1990,Italy,85.71428571428571,,10
T-87,WC-1930,3,2,semi-finals,1930,Uruguay,66.66666666666666,3.0,9
T-87,WC-1950,3,2,group stage,1950,Brazil,66.66666666666666,6.0,9
T-87,WC-1954,3,1,quarter-finals,1954,Switzerland,33.33333333333333,4.0,9
T-87,WC-1958,4,2,quarter-finals,1958,Sweden,50.0,4.0,9
T-87,WC-1962,6,3,third-place match,1962,Chile,50.0,,9
T-87,WC-1974,6,2,second group stage,1974,West Germany,33.33333333333333,,9
T-87,WC-1982,3,1,group stage,1982,Spain,33.33333333333333,6.0,9
T-87,WC-1990,5,2,quarter-finals,1990,Italy,40.0,4.0,9
T-87,WC-1998,4,1,round of 16,1998,France,25.0,5.0,9
T-88,WC-1974,3,2,group stage,1974,West Germany,66.66666666666666,6.0,1
