home_team_id,home_team_name,away_team_id,away_team_name,total_matches,home_goals,away_goals,total_goals,goal_difference,home_wins,away_wins,draws,avg_goals_per_match,tournament_id
T-03,Argentina,T-06,Belgium,3,3,1,4,2,0.0,2.0,1.0,1.3333333333333333,WC-1982
T-03,Argentina,T-06,Belgium,3,3,1,4,2,0.0,2.0,1.0,1.3333333333333333,WC-1986
T-03,Argentina,T-06,Belgium,3,3,1,4,2,0.0,2.0,1.0,1.3333333333333333,WC-2014
T-03,Argentina,T-09,Brazil,3,2,5,7,-3,2.0,1.0,0.0,2.3333333333333335,WC-1974
T-03,Argentina,T-09,Brazil,3,2,5,7,-3,2.0,1.0,0.0,2.3333333333333335,WC-1978
T-03,Argentina,T-09,Brazil,3,2,5,7,-3,2.0,1.0,0.0,2.3333333333333335,WC-1982
T-03,Argentina,T-10,Bulgaria,3,3,2,5,1,3.0,0.0,0.0,1.6666666666666667,WC-1962
T-03,Argentina,T-10,Bulgaria,3,3,2,5,1,3.0,0.0,0.0,1.6666666666666667,WC-1986
T-03,Argentina,T-10,Bulgaria,3,3,2,5,1,3.0,0.0,0.0,1.6666666666666667,WC-1994
T-03,Argentina,T-18,Croatia,3,4,3,7,1,1.0,1.0,1.0,2.3333333333333335,WC-1998
T-03,Argentina,T-18,Croatia,3,4,3,7,1,1.0,1.0,1.0,2.3333333333333335,WC-2018
T-03,Argentina,T-18,Croatia,3,4,3,7,1,1.0,1.0,1.0,2.3333333333333335,WC-2022
T-03,Argentina,T-28,England,3,4,4,8,0,1.0,0.0,2.0,2.6666666666666665,WC-1986
T-03,Argentina,T-28,England,3,4,4,8,0,1.0,0.0,2.0,2.6666666666666665,WC-1998
T-03,Argentina,T-28,England,3,4,4,8,0,1.0,0.0,2.0,2.6666666666666665,WC-2002
T-03,Argentina,T-30,France,3,6,4,10,2,1.0,1.0,1.0,3.3333333333333335,WC-1930
T-03,Argentina,T-30,France,3,6,4,10,2,1.0,1.0,1.0,3.3333333333333335,WC-1978
T-03,Argentina,T-30,France,3,6,4,10,2,1.0,1.0,1.0,3.3333333333333335,WC-2022
T-03,Argentina,T-31,Germany,2,1,10,11,-9,1.0,1.0,0.0,5.5,WC-2003
T-03,Argentina,T-31,Germany,2,1,10,11,-9,1.0,1.0,0.0,5.5,WC-2010
T-03,Argentina,T-36,Hungary,2,6,2,8,4,4.0,0.0,-2.0,4.0,WC-1978
T-03,Argentina,T-36,Hungary,2,6,2,8,4,4.0,0.0,-2.0,4.0,WC-1982
T-03,Argentina,T-41,Italy,3,2,3,5,-1,1.0,0.0,2.0,1.6666666666666667,WC-1974
T-03,Argentina,T-41,Italy,3,2,3,5,-1,1.0,0.0,2.0,1.6666666666666667,WC-1978
T-03,Argentina,T-41,Italy,3,2,3,5,-1,1.0,0.0,2.0,1.6666666666666667,WC-1990
T-03,Argentina,T-44,Japan,3,1,1,2,0,0.0,0.0,3.0,0.6666666666666666,WC-1998
T-03,Argentina,T-44,Japan,3,1,1,2,0,0.0,0.0,3.0,0.6666666666666666,WC-2007
T-03,Argentina,T-44,Japan,3,1,1,2,0,0.0,0.0,3.0,0.6666666666666666,WC-2019
T-03,Argentina,T-46,Mexico,4,13,5,18,8,0.0,0.0,4.0,4.5,WC-1930
T-03,Argentina,T-46,Mexico,4,13,5,18,8,0.0,0.0,4.0,4.5,WC-2006
T-03,Argentina,T-46,Mexico,4,13,5,18,8,0.0,0.0,4.0,4.5,WC-2010
T-03,Argentina,T-46,Mexico,4,13,5,18,8,0.0,0.0,4.0,4.5,WC-2022
T-03,Argentina,T-50,Nigeria,3,4,1,5,3,2.0,0.0,1.0,1.6666666666666667,WC-1994
T-03,Argentina,T-50,Nigeria,3,4,1,5,3,2.0,0.0,1.0,1.6666666666666667,WC-2002
T-03,Argentina,T-50,Nigeria,3,4,1,5,3,2.0,0.0,1.0,1.6666666666666667,WC-2010
T-03,Argentina,T-71,South Korea,2,7,2,9,5,1.0,0.0,1.0,4.5,WC-1986
T-03,Argentina,T-71,South Korea,2,7,2,9,5,1.0,0.0,1.0,4.5,WC-2010
T-03,Argentina,T-75,Switzerland,2,3,0,3,3,0.0,1.0,1.0,1.5,WC-1966
T-03,Argentina,T-75,Switzerland,2,3,0,3,3,0.0,1.0,1.0,1.5,WC-2014
T-03,Argentina,T-86,West Germany,3,4,5,9,-1,0.0,0.0,3.0,3.0,WC-1958
T-03,Argentina,T-86,West Germany,3,4,5,9,-1,0.0,0.0,3.0,3.0,WC-1966
T-03,Argentina,T-86,West Germany,3,4,5,9,-1,0.0,0.0,3.0,3.0,WC-1986
T-04,Australia,T-44,Japan,2,3,2,5,1,0.0,1.0,1.0,2.5,WC-2006
T-04,Australia,T-44,Japan,2,3,2,5,1,0.0,1.0,1.0,2.5,WC-2015
T-04,Australia,T-53,Norway,2,3,2,5,1,1.0,0.0,1.0,2.5,WC-2007
T-04,Australia,T-53,Norway,2,3,2,5,1,1.0,0.0,1.0,2.5,WC-2011
T-04,Australia,T-74,Sweden,2,2,4,6,-2,1.0,0.0,1.0,3.0,WC-1999
T-04,Australia,T-74,Sweden,2,2,4,6,-2,1.0,0.0,1.0,3.0,WC-2015
T-05,Austria,T-21,Czechoslovakia,2,5,1,6,4,1.0,0.0,1.0,3.0,WC-1954
T-05,Austria,T-21,Czechoslovakia,2,5,1,6,4,1.0,0.0,1.0,3.0,WC-1990
T-05,Austria,T-30,France,2,3,3,6,0,1.0,0.0,1.0,3.0,WC-1934
T-05,Austria,T-30,France,2,3,3,6,0,1.0,0.0,1.0,3.0,WC-1982
T-06,Belgium,T-27,El Salvador,2,4,0,4,4,1.0,1.0,0.0,2.0,WC-1970
T-06,Belgium,T-27,El Salvador,2,4,0,4,4,1.0,1.0,0.0,2.0,WC-1982
T-06,Belgium,T-46,Mexico,2,3,4,7,-1,0.0,0.0,2.0,3.5,WC-1986
T-06,Belgium,T-46,Mexico,2,3,4,7,-1,0.0,0.0,2.0,3.5,WC-1998
T-06,Belgium,T-47,Morocco,2,1,2,3,-1,0.0,0.0,2.0,1.5,WC-1994
T-06,Belgium,T-47,Morocco,2,1,2,3,-1,0.0,0.0,2.0,1.5,WC-2022
T-06,Belgium,T-62,Russia,2,4,2,6,2,1.0,0.0,1.0,3.0,WC-2002
T-06,Belgium,T-62,Russia,2,4,2,6,2,1.0,0.0,1.0,3.0,WC-2014
T-06,Belgium,T-71,South Korea,2,3,1,4,2,0.0,0.0,2.0,2.0,WC-1990
T-06,Belgium,T-71,South Korea,2,3,1,4,2,0.0,0.0,2.0,2.0,WC-1998
T-09,Brazil,T-04,Australia,4,6,3,9,3,2.0,0.0,2.0,2.25,WC-2006
T-09,Brazil,T-04,Australia,4,6,3,9,3,2.0,0.0,2.0,2.25,WC-2007
T-09,Brazil,T-04,Australia,4,6,3,9,3,2.0,0.0,2.0,2.25,WC-2011
T-09,Brazil,T-04,Australia,4,6,3,9,3,2.0,0.0,2.0,2.25,WC-2015
T-09,Brazil,T-05,Austria,2,4,0,4,4,2.0,1.0,-1.0,2.0,WC-1958
T-09,Brazil,T-05,Austria,2,4,0,4,4,2.0,1.0,-1.0,2.0,WC-1978
T-09,Brazil,T-06,Belgium,2,3,2,5,1,3.0,0.0,-1.0,2.5,WC-2002
T-09,Brazil,T-06,Belgium,2,3,2,5,1,3.0,0.0,-1.0,2.5,WC-2018
T-09,Brazil,T-13,Chile,4,12,4,16,8,1.0,0.0,3.0,4.0,WC-1962
T-09,Brazil,T-13,Chile,4,12,4,16,8,1.0,0.0,3.0,4.0,WC-1998
T-09,Brazil,T-13,Chile,4,12,4,16,8,1.0,0.0,3.0,4.0,WC-2010
T-09,Brazil,T-13,Chile,4,12,4,16,8,1.0,0.0,3.0,4.0,WC-2014
T-09,Brazil,T-14,China,2,8,0,8,8,0.0,1.0,1.0,4.0,WC-2002
T-09,Brazil,T-14,China,2,8,0,8,8,0.0,1.0,1.0,4.0,WC-2007
T-09,Brazil,T-17,Costa Rica,2,3,0,3,3,4.0,0.0,-2.0,1.5,WC-1990
T-09,Brazil,T-17,Costa Rica,2,3,0,3,3,4.0,0.0,-2.0,1.5,WC-2018
T-09,Brazil,T-18,Croatia,2,4,1,5,3,1.0,0.0,1.0,2.5,WC-2006
T-09,Brazil,T-18,Croatia,2,4,1,5,3,1.0,0.0,1.0,2.5,WC-2014
T-09,Brazil,T-21,Czechoslovakia,5,10,4,14,6,1.0,0.0,4.0,2.8,WC-1938
T-09,Brazil,T-21,Czechoslovakia,5,10,4,14,6,1.0,0.0,4.0,2.8,WC-1962
T-09,Brazil,T-21,Czechoslovakia,5,10,4,14,6,1.0,0.0,4.0,2.8,WC-1970
T-09,Brazil,T-22,Denmark,2,4,2,6,2,0.0,0.0,2.0,3.0,WC-1998
T-09,Brazil,T-22,Denmark,2,4,2,6,2,0.0,0.0,2.0,3.0,WC-2007
T-09,Brazil,T-28,England,3,4,1,5,3,1.0,2.0,0.0,1.6666666666666667,WC-1958
T-09,Brazil,T-28,England,3,4,1,5,3,1.0,2.0,0.0,1.6666666666666667,WC-1962
T-09,Brazil,T-28,England,3,4,1,5,3,1.0,2.0,0.0,1.6666666666666667,WC-1970
T-09,Brazil,T-30,France,4,6,7,13,-1,1.0,0.0,3.0,3.25,WC-1958
T-09,Brazil,T-30,France,4,6,7,13,-1,1.0,0.0,3.0,3.25,WC-1986
T-09,Brazil,T-30,France,4,6,7,13,-1,1.0,0.0,3.0,3.25,WC-1998
T-09,Brazil,T-30,France,4,6,7,13,-1,1.0,0.0,3.0,3.25,WC-2006
T-09,Brazil,T-31,Germany,2,2,13,15,-11,1.0,0.0,1.0,7.5,WC-1995
T-09,Brazil,T-31,Germany,2,2,13,15,-11,1.0,0.0,1.0,7.5,WC-2014
T-09,Brazil,T-41,Italy,4,8,2,10,6,1.0,0.0,3.0,2.5,WC-1970
T-09,Brazil,T-41,Italy,4,8,2,10,6,1.0,0.0,3.0,2.5,WC-1978
T-09,Brazil,T-41,Italy,4,8,2,10,6,1.0,0.0,3.0,2.5,WC-1994
T-09,Brazil,T-41,Italy,4,8,2,10,6,1.0,0.0,3.0,2.5,WC-1999
T-09,Brazil,T-46,Mexico,6,20,1,21,19,1.0,0.0,5.0,3.5,WC-1950
T-09,Brazil,T-46,Mexico,6,20,1,21,19,1.0,0.0,5.0,3.5,WC-1954
T-09,Brazil,T-46,Mexico,6,20,1,21,19,1.0,0.0,5.0,3.5,WC-1962
T-09,Brazil,T-46,Mexico,6,20,1,21,19,1.0,0.0,5.0,3.5,WC-1999
T-09,Brazil,T-46,Mexico,6,20,1,21,19,1.0,0.0,5.0,3.5,WC-2014
T-09,Brazil,T-46,Mexico,6,20,1,21,19,1.0,0.0,5.0,3.5,WC-2018
T-09,Brazil,T-48,Netherlands,2,1,4,5,-3,3.0,0.0,-1.0,2.5,WC-1998
T-09,Brazil,T-48,Netherlands,2,1,4,5,-3,3.0,0.0,-1.0,2.5,WC-2014
T-09,Brazil,T-53,Norway,3,4,2,6,2,3.0,1.0,-1.0,2.0,WC-1998
T-09,Brazil,T-53,Norway,3,4,2,6,2,3.0,1.0,-1.0,2.0,WC-1999
T-09,Brazil,T-53,Norway,3,4,2,6,2,3.0,1.0,-1.0,2.0,WC-2011
T-09,Brazil,T-56,Peru,2,7,2,9,5,4.0,1.0,-3.0,4.5,WC-1970
T-09,Brazil,T-56,Peru,2,7,2,9,5,4.0,1.0,-3.0,4.5,WC-1978
T-09,Brazil,T-57,Poland,4,13,7,20,6,1.0,0.0,3.0,5.0,WC-1938
T-09,Brazil,T-57,Poland,4,13,7,20,6,1.0,0.0,3.0,5.0,WC-1974
T-09,Brazil,T-57,Poland,4,13,7,20,6,1.0,0.0,3.0,5.0,WC-1978
T-09,Brazil,T-57,Poland,4,13,7,20,6,1.0,0.0,3.0,5.0,WC-1986
T-09,Brazil,T-64,Scotland,3,7,2,9,5,1.0,1.0,1.0,3.0,WC-1982
T-09,Brazil,T-64,Scotland,3,7,2,9,5,1.0,1.0,1.0,3.0,WC-1990
T-09,Brazil,T-64,Scotland,3,7,2,9,5,1.0,1.0,1.0,3.0,WC-1998
T-09,Brazil,T-71,South Korea,3,9,1,10,8,1.0,0.0,2.0,3.3333333333333335,WC-2003
T-09,Brazil,T-71,South Korea,3,9,1,10,8,1.0,0.0,2.0,3.3333333333333335,WC-2015
T-09,Brazil,T-71,South Korea,3,9,1,10,8,1.0,0.0,2.0,3.3333333333333335,WC-2022
T-09,Brazil,T-72,Soviet Union,2,4,1,5,3,1.0,1.0,0.0,2.5,WC-1958
T-09,Brazil,T-72,Soviet Union,2,4,1,5,3,1.0,1.0,0.0,2.5,WC-1982
T-09,Brazil,T-73,Spain,4,9,2,11,7,1.0,0.0,3.0,2.75,WC-1950
T-09,Brazil,T-73,Spain,4,9,2,11,7,1.0,0.0,3.0,2.75,WC-1962
T-09,Brazil,T-73,Spain,4,9,2,11,7,1.0,0.0,3.0,2.75,WC-1978
T-09,Brazil,T-73,Spain,4,9,2,11,7,1.0,0.0,3.0,2.75,WC-2015
T-09,Brazil,T-74,Sweden,8,21,12,33,9,0.0,0.0,8.0,4.125,WC-1938
T-09,Brazil,T-74,Sweden,8,21,12,33,9,0.0,0.0,8.0,4.125,WC-1950
T-09,Brazil,T-74,Sweden,8,21,12,33,9,0.0,0.0,8.0,4.125,WC-1958
T-09,Brazil,T-74,Sweden,8,21,12,33,9,0.0,0.0,8.0,4.125,WC-1978
T-09,Brazil,T-74,Sweden,8,21,12,33,9,0.0,0.0,8.0,4.125,WC-1990
T-09,Brazil,T-74,Sweden,8,21,12,33,9,0.0,0.0,8.0,4.125,WC-1991
T-09,Brazil,T-74,Sweden,8,21,12,33,9,0.0,0.0,8.0,4.125,WC-1994
T-09,Brazil,T-74,Sweden,8,21,12,33,9,0.0,0.0,8.0,4.125,WC-2003
T-09,Brazil,T-75,Switzerland,3,4,3,7,1,0.0,0.0,3.0,2.3333333333333335,WC-1950
T-09,Brazil,T-75,Switzerland,3,4,3,7,1,0.0,0.0,3.0,2.3333333333333335,WC-2018
T-09,Brazil,T-75,Switzerland,3,4,3,7,1,0.0,0.0,3.0,2.3333333333333335,WC-2022
T-09,Brazil,T-80,Turkey,2,3,1,4,2,0.0,0.0,2.0,2.0,WC-2002
T-09,Brazil,T-83,United States,3,3,7,10,-4,0.0,2.0,1.0,3.3333333333333335,WC-1991
T-09,Brazil,T-83,United States,3,3,7,10,-4,0.0,2.0,1.0,3.3333333333333335,WC-1994
T-09,Brazil,T-83,United States,3,3,7,10,-4,0.0,2.0,1.0,3.3333333333333335,WC-2011
T-09,Brazil,T-87,Yugoslavia,3,3,1,4,2,1.0,1.0,1.0,1.3333333333333333,WC-1950
T-09,Brazil,T-87,Yugoslavia,3,3,1,4,2,1.0,1.0,1.0,1.3333333333333333,WC-1954
T-09,Brazil,T-87,Yugoslavia,3,3,1,4,2,1.0,1.0,1.0,1.3333333333333333,WC-1974
T-10,Bulgaria,T-41,Italy,2,2,3,5,-1,1.0,1.0,0.0,2.5,WC-1986
T-10,Bulgaria,T-41,Italy,2,2,3,5,-1,1.0,1.0,0.0,2.5,WC-1994
T-11,Cameroon,T-09,Brazil,2,2,4,6,-2,1.0,0.0,1.0,3.0,WC-2014
T-11,Cameroon,T-09,Brazil,2,2,4,6,-2,1.0,0.0,1.0,3.0,WC-2022
T-12,Canada,T-30,France,2,0,5,5,-5,0.0,0.0,2.0,2.5,WC-1986
T-12,Canada,T-30,France,2,0,5,5,-5,0.0,0.0,2.0,2.5,WC-2011
T-12,Canada,T-49,New Zealand,2,2,0,2,2,1.0,1.0,0.0,1.0,WC-2015
T-12,Canada,T-49,New Zealand,2,2,0,2,2,1.0,1.0,0.0,1.0,WC-2019
T-13,Chile,T-05,Austria,2,1,2,3,-1,0.0,2.0,0.0,1.5,WC-1982
T-13,Chile,T-05,Austria,2,1,2,3,-1,0.0,2.0,0.0,1.5,WC-1998
T-13,Chile,T-75,Switzerland,2,4,1,5,3,1.0,0.0,1.0,2.5,WC-1962
T-13,Chile,T-75,Switzerland,2,4,1,5,3,1.0,0.0,1.0,2.5,WC-2010
T-14,China,T-04,Australia,3,8,4,12,4,2.0,0.0,1.0,4.0,WC-1995
T-14,China,T-04,Australia,3,8,4,12,4,2.0,0.0,1.0,4.0,WC-1999
T-14,China,T-04,Australia,3,8,4,12,4,2.0,0.0,1.0,4.0,WC-2003
T-14,China,T-22,Denmark,3,8,5,13,3,0.0,0.0,3.0,4.333333333333333,WC-1991
T-14,China,T-22,Denmark,3,8,5,13,3,0.0,0.0,3.0,4.333333333333333,WC-1995
T-14,China,T-22,Denmark,3,8,5,13,3,0.0,0.0,3.0,4.333333333333333,WC-2007
T-14,China,T-32,Ghana,2,8,0,8,8,1.0,2.0,-1.0,4.0,WC-1999
T-14,China,T-32,Ghana,2,8,0,8,8,1.0,2.0,-1.0,4.0,WC-2003
T-14,China,T-49,New Zealand,3,8,3,11,5,0.0,0.0,3.0,3.6666666666666665,WC-1991
T-14,China,T-49,New Zealand,3,8,3,11,5,0.0,0.0,3.0,3.6666666666666665,WC-2007
T-14,China,T-49,New Zealand,3,8,3,11,5,0.0,0.0,3.0,3.6666666666666665,WC-2015
T-14,China,T-62,Russia,2,3,0,3,3,0.0,1.0,1.0,1.5,WC-1999
T-14,China,T-62,Russia,2,3,0,3,3,0.0,1.0,1.0,1.5,WC-2003
T-14,China,T-74,Sweden,2,2,2,4,0,1.0,0.0,1.0,2.0,WC-1991
T-14,China,T-74,Sweden,2,2,2,4,0,1.0,0.0,1.0,2.0,WC-1999
T-14,China,T-83,United States,2,0,3,3,-3,1.0,0.0,1.0,1.5,WC-1995
T-14,China,T-83,United States,2,0,3,3,-3,1.0,0.0,1.0,1.5,WC-2015
T-16,Colombia,T-28,England,2,1,3,4,-2,1.0,0.0,1.0,2.0,WC-1998
T-16,Colombia,T-28,England,2,1,3,4,-2,1.0,0.0,1.0,2.0,WC-2018
T-17,Costa Rica,T-09,Brazil,2,2,6,8,-4,1.0,1.0,0.0,4.0,WC-2002
T-17,Costa Rica,T-09,Brazil,2,2,6,8,-4,1.0,1.0,0.0,4.0,WC-2015
T-18,Croatia,T-46,Mexico,2,1,4,5,-3,0.0,0.0,2.0,2.5,WC-2002
T-18,Croatia,T-46,Mexico,2,1,4,5,-3,0.0,0.0,2.0,2.5,WC-2014
T-19,Cuba,T-61,Romania,2,5,4,9,1,0.0,1.0,1.0,4.5,WC-1938
T-22,Denmark,T-04,Australia,2,6,1,7,5,0.0,0.0,2.0,3.5,WC-1995
T-22,Denmark,T-04,Australia,2,6,1,7,5,0.0,0.0,2.0,3.5,WC-2018
T-22,Denmark,T-30,France,2,2,0,2,2,0.0,0.0,2.0,1.0,WC-2002
T-22,Denmark,T-30,France,2,2,0,2,2,0.0,0.0,2.0,1.0,WC-2018
T-22,Denmark,T-49,New Zealand,2,5,0,5,5,2.0,0.0,0.0,2.5,WC-1991
T-22,Denmark,T-49,New Zealand,2,5,0,5,5,2.0,0.0,0.0,2.5,WC-2007
T-28,England,T-03,Argentina,4,11,2,13,9,1.0,0.0,3.0,3.25,WC-1962
T-28,England,T-03,Argentina,4,11,2,13,9,1.0,0.0,3.0,3.25,WC-1966
T-28,England,T-03,Argentina,4,11,2,13,9,1.0,0.0,3.0,3.25,WC-2007
T-28,England,T-03,Argentina,4,11,2,13,9,1.0,0.0,3.0,3.25,WC-2019
T-28,England,T-06,Belgium,3,5,5,10,0,2.0,1.0,0.0,3.3333333333333335,WC-1954
T-28,England,T-06,Belgium,3,5,5,10,0,2.0,1.0,0.0,3.3333333333333335,WC-1990
T-28,England,T-06,Belgium,3,5,5,10,0,2.0,1.0,0.0,3.3333333333333335,WC-2018
T-28,England,T-12,Canada,2,5,3,8,2,2.0,0.0,0.0,4.0,WC-1995
T-28,England,T-12,Canada,2,5,3,8,2,2.0,0.0,0.0,4.0,WC-2015
T-28,England,T-21,Czechoslovakia,2,3,0,3,3,1.0,0.0,1.0,1.5,WC-1970
T-28,England,T-21,Czechoslovakia,2,3,0,3,3,1.0,0.0,1.0,1.5,WC-1982
T-28,England,T-30,France,4,7,4,11,3,1.0,0.0,3.0,2.75,WC-1966
T-28,England,T-30,France,4,7,4,11,3,1.0,0.0,3.0,2.75,WC-1982
T-28,England,T-30,France,4,7,4,11,3,1.0,0.0,3.0,2.75,WC-2011
T-28,England,T-30,France,4,7,4,11,3,1.0,0.0,3.0,2.75,WC-2022
T-28,England,T-46,Mexico,2,4,1,5,3,1.0,0.0,1.0,2.5,WC-1966
T-28,England,T-46,Mexico,2,4,1,5,3,1.0,0.0,1.0,2.5,WC-2015
T-28,England,T-55,Paraguay,2,4,0,4,4,1.0,1.0,0.0,2.0,WC-1986
T-28,England,T-55,Paraguay,2,4,0,4,4,1.0,1.0,0.0,2.0,WC-2006
T-28,England,T-58,Portugal,2,2,1,3,1,0.0,0.0,2.0,1.5,WC-1966
T-28,England,T-58,Portugal,2,2,1,3,1,0.0,0.0,2.0,1.5,WC-2006
T-28,England,T-74,Sweden,2,2,3,5,-1,0.0,0.0,2.0,2.5,WC-2002
T-28,England,T-74,Sweden,2,2,3,5,-1,0.0,0.0,2.0,2.5,WC-2019
T-28,England,T-83,United States,3,2,3,5,-1,3.0,0.0,0.0,1.6666666666666667,WC-2010
T-28,England,T-83,United States,3,2,3,5,-1,3.0,0.0,0.0,1.6666666666666667,WC-2019
T-28,England,T-83,United States,3,2,3,5,-1,3.0,0.0,0.0,1.6666666666666667,WC-2022
T-30,France,T-04,Australia,2,6,2,8,4,1.0,0.0,1.0,4.0,WC-2018
T-30,France,T-04,Australia,2,6,2,8,4,1.0,0.0,1.0,4.0,WC-2022
T-30,France,T-06,Belgium,2,4,1,5,3,2.0,0.0,0.0,2.5,WC-1938
T-30,France,T-06,Belgium,2,4,1,5,3,2.0,0.0,0.0,2.5,WC-2018
T-30,France,T-09,Brazil,2,3,2,5,1,2.0,0.0,0.0,2.5,WC-2003
T-30,France,T-09,Brazil,2,3,2,5,1,2.0,0.0,0.0,2.5,WC-2019
T-30,France,T-18,Croatia,2,6,3,9,3,0.0,1.0,1.0,4.5,WC-1998
T-30,France,T-18,Croatia,2,6,3,9,3,0.0,1.0,1.0,4.5,WC-2018
T-30,France,T-22,Denmark,2,4,2,6,2,1.0,0.0,1.0,3.0,WC-1998
T-30,France,T-22,Denmark,2,4,2,6,2,1.0,0.0,1.0,3.0,WC-2022
T-30,France,T-31,Germany,2,2,5,7,-3,1.0,1.0,0.0,3.5,WC-2011
T-30,France,T-31,Germany,2,2,5,7,-3,1.0,1.0,0.0,3.5,WC-2014
T-30,France,T-46,Mexico,4,8,6,14,2,2.0,1.0,1.0,3.5,WC-1930
T-30,France,T-46,Mexico,4,8,6,14,2,2.0,1.0,1.0,3.5,WC-1954
T-30,France,T-46,Mexico,4,8,6,14,2,2.0,1.0,1.0,3.5,WC-1966
T-30,France,T-46,Mexico,4,8,6,14,2,2.0,1.0,1.0,3.5,WC-2010
T-30,France,T-52,Northern Ireland,2,8,1,9,7,1.0,1.0,0.0,4.5,WC-1958
T-30,France,T-52,Northern Ireland,2,8,1,9,7,1.0,1.0,0.0,4.5,WC-1982
T-30,France,T-55,Paraguay,2,8,3,11,5,1.0,1.0,0.0,5.5,WC-1958
T-30,France,T-55,Paraguay,2,8,3,11,5,1.0,1.0,0.0,5.5,WC-1998
T-30,France,T-70,South Africa,2,4,2,6,2,2.0,0.0,0.0,3.0,WC-1998
T-30,France,T-70,South Africa,2,4,2,6,2,2.0,0.0,0.0,3.0,WC-2010
T-30,France,T-71,South Korea,4,9,1,10,8,1.0,0.0,3.0,2.5,WC-2003
T-30,France,T-71,South Korea,4,9,1,10,8,1.0,0.0,3.0,2.5,WC-2006
T-30,France,T-71,South Korea,4,9,1,10,8,1.0,0.0,3.0,2.5,WC-2015
T-30,France,T-71,South Korea,4,9,1,10,8,1.0,0.0,3.0,2.5,WC-2019
T-30,France,T-83,United States,2,2,5,7,-3,0.0,1.0,1.0,3.5,WC-2011
T-30,France,T-83,United States,2,2,5,7,-3,0.0,1.0,1.0,3.5,WC-2019
T-30,France,T-86,West Germany,2,6,5,11,1,0.0,0.0,2.0,5.5,WC-1958
T-30,France,T-86,West Germany,2,6,5,11,1,0.0,0.0,2.0,5.5,WC-1986
T-31,Germany,T-03,Argentina,3,13,1,14,12,0.0,0.0,3.0,4.666666666666667,WC-2006
T-31,Germany,T-03,Argentina,3,13,1,14,12,0.0,0.0,3.0,4.666666666666667,WC-2007
T-31,Germany,T-03,Argentina,3,13,1,14,12,0.0,0.0,3.0,4.666666666666667,WC-2014
T-31,Germany,T-06,Belgium,2,8,4,12,4,0.0,1.0,1.0,6.0,WC-1934
T-31,Germany,T-06,Belgium,2,8,4,12,4,0.0,1.0,1.0,6.0,WC-1994
T-31,Germany,T-09,Brazil,3,5,5,10,0,1.0,0.0,2.0,3.3333333333333335,WC-1999
T-31,Germany,T-09,Brazil,3,5,5,10,0,1.0,0.0,2.0,3.3333333333333335,WC-2002
T-31,Germany,T-09,Brazil,3,5,5,10,0,1.0,0.0,2.0,3.3333333333333335,WC-2007
T-31,Germany,T-12,Canada,2,6,2,8,4,0.0,1.0,1.0,4.0,WC-2003
T-31,Germany,T-12,Canada,2,6,2,8,4,0.0,1.0,1.0,4.0,WC-2011
T-31,Germany,T-14,China,2,2,0,2,2,2.0,1.0,-1.0,1.0,WC-1995
T-31,Germany,T-14,China,2,2,0,2,2,2.0,1.0,-1.0,1.0,WC-2019
T-31,Germany,T-28,England,3,7,2,9,5,1.0,0.0,2.0,3.0,WC-1995
T-31,Germany,T-28,England,3,7,2,9,5,1.0,0.0,2.0,3.0,WC-2010
T-31,Germany,T-28,England,3,7,2,9,5,1.0,0.0,2.0,3.0,WC-2015
T-31,Germany,T-41,Italy,2,1,3,4,-2,0.0,1.0,1.0,2.0,WC-1999
T-31,Germany,T-41,Italy,2,1,3,4,-2,0.0,1.0,1.0,2.0,WC-2006
T-31,Germany,T-44,Japan,5,7,3,10,4,1.0,0.0,4.0,2.0,WC-1995
T-31,Germany,T-44,Japan,5,7,3,10,4,1.0,0.0,4.0,2.0,WC-2003
T-31,Germany,T-44,Japan,5,7,3,10,4,1.0,0.0,4.0,2.0,WC-2007
T-31,Germany,T-44,Japan,5,7,3,10,4,1.0,0.0,4.0,2.0,WC-2011
T-31,Germany,T-44,Japan,5,7,3,10,4,1.0,0.0,4.0,2.0,WC-2022
T-31,Germany,T-46,Mexico,3,8,2,10,6,1.0,0.0,2.0,3.3333333333333335,WC-1998
T-31,Germany,T-46,Mexico,3,8,2,10,6,1.0,0.0,2.0,3.3333333333333335,WC-1999
T-31,Germany,T-46,Mexico,3,8,2,10,6,1.0,0.0,2.0,3.3333333333333335,WC-2018
T-31,Germany,T-50,Nigeria,3,8,0,8,8,1.0,1.0,1.0,2.6666666666666665,WC-1991
T-31,Germany,T-50,Nigeria,3,8,0,8,8,1.0,1.0,1.0,2.6666666666666665,WC-2011
T-31,Germany,T-50,Nigeria,3,8,0,8,8,1.0,1.0,1.0,2.6666666666666665,WC-2019
T-31,Germany,T-53,Norway,3,4,3,7,1,0.0,0.0,3.0,2.3333333333333335,WC-1995
T-31,Germany,T-53,Norway,3,4,3,7,1,0.0,0.0,3.0,2.3333333333333335,WC-2007
T-31,Germany,T-53,Norway,3,4,3,7,1,0.0,0.0,3.0,2.3333333333333335,WC-2015
T-31,Germany,T-58,Portugal,2,7,1,8,6,1.0,2.0,-1.0,4.0,WC-2006
T-31,Germany,T-58,Portugal,2,7,1,8,6,1.0,2.0,-1.0,4.0,WC-2014
T-31,Germany,T-71,South Korea,2,4,2,6,2,1.0,2.0,-1.0,3.0,WC-1994
T-31,Germany,T-71,South Korea,2,4,2,6,2,1.0,2.0,-1.0,3.0,WC-2002
T-31,Germany,T-73,Spain,3,2,2,4,0,1.0,0.0,2.0,1.3333333333333333,WC-1994
T-31,Germany,T-73,Spain,3,2,2,4,0,1.0,0.0,2.0,1.3333333333333333,WC-2010
T-31,Germany,T-73,Spain,3,2,2,4,0,1.0,0.0,2.0,1.3333333333333333,WC-2019
T-31,Germany,T-74,Sweden,6,13,6,19,7,0.0,0.0,6.0,3.1666666666666665,WC-1934
T-31,Germany,T-74,Sweden,6,13,6,19,7,0.0,0.0,6.0,3.1666666666666665,WC-2003
T-31,Germany,T-74,Sweden,6,13,6,19,7,0.0,0.0,6.0,3.1666666666666665,WC-2006
T-31,Germany,T-74,Sweden,6,13,6,19,7,0.0,0.0,6.0,3.1666666666666665,WC-2015
T-31,Germany,T-74,Sweden,6,13,6,19,7,0.0,0.0,6.0,3.1666666666666665,WC-2018
T-31,Germany,T-74,Sweden,6,13,6,19,7,0.0,0.0,6.0,3.1666666666666665,WC-2019
T-31,Germany,T-83,United States,3,5,5,10,0,0.0,0.0,3.0,3.3333333333333335,WC-1991
T-31,Germany,T-83,United States,3,5,5,10,0,0.0,0.0,3.0,3.3333333333333335,WC-1998
T-31,Germany,T-83,United States,3,5,5,10,0,0.0,0.0,3.0,3.3333333333333335,WC-2002
T-32,Ghana,T-04,Australia,3,4,6,10,-2,1.0,0.0,2.0,3.3333333333333335,WC-2003
T-32,Ghana,T-04,Australia,3,4,6,10,-2,1.0,0.0,2.0,3.3333333333333335,WC-2007
T-32,Ghana,T-04,Australia,3,4,6,10,-2,1.0,0.0,2.0,3.3333333333333335,WC-2010
T-32,Ghana,T-83,United States,2,3,3,6,0,1.0,0.0,1.0,3.0,WC-2006
T-32,Ghana,T-83,United States,2,3,3,6,0,1.0,0.0,1.0,3.0,WC-2014
T-33,Greece,T-50,Nigeria,2,2,3,5,-1,1.0,0.0,1.0,2.5,WC-1994
T-33,Greece,T-50,Nigeria,2,2,3,5,-1,1.0,0.0,1.0,2.5,WC-2010
T-36,Hungary,T-09,Brazil,2,7,3,10,4,0.0,2.0,0.0,5.0,WC-1954
T-36,Hungary,T-09,Brazil,2,7,3,10,4,0.0,2.0,0.0,5.0,WC-1966
T-36,Hungary,T-10,Bulgaria,2,9,2,11,7,2.0,0.0,0.0,5.5,WC-1962
T-36,Hungary,T-10,Bulgaria,2,9,2,11,7,2.0,0.0,0.0,5.5,WC-1966
T-41,Italy,T-03,Argentina,2,3,2,5,1,1.0,0.0,1.0,2.5,WC-1982
T-41,Italy,T-03,Argentina,2,3,2,5,1,1.0,0.0,1.0,2.5,WC-1986
T-41,Italy,T-05,Austria,4,5,1,6,4,0.0,1.0,3.0,1.5,WC-1934
T-41,Italy,T-05,Austria,4,5,1,6,4,0.0,1.0,3.0,1.5,WC-1978
T-41,Italy,T-05,Austria,4,5,1,6,4,0.0,1.0,3.0,1.5,WC-1990
T-41,Italy,T-05,Austria,4,5,1,6,4,0.0,1.0,3.0,1.5,WC-1998
T-41,Italy,T-09,Brazil,3,5,4,9,1,1.0,0.0,2.0,3.0,WC-1938
T-41,Italy,T-09,Brazil,3,5,4,9,1,1.0,0.0,2.0,3.0,WC-1982
T-41,Italy,T-09,Brazil,3,5,4,9,1,1.0,0.0,2.0,3.0,WC-2019
T-41,Italy,T-11,Cameroon,2,4,1,5,3,1.0,0.0,1.0,2.5,WC-1982
T-41,Italy,T-11,Cameroon,2,4,1,5,3,1.0,0.0,1.0,2.5,WC-1998
T-41,Italy,T-13,Chile,2,4,2,6,2,0.0,0.0,2.0,3.0,WC-1966
T-41,Italy,T-13,Chile,2,4,2,6,2,0.0,0.0,2.0,3.0,WC-1998
T-41,Italy,T-21,Czechoslovakia,2,4,1,5,3,1.0,0.0,1.0,2.5,WC-1934
T-41,Italy,T-21,Czechoslovakia,2,4,1,5,3,1.0,0.0,1.0,2.5,WC-1990
T-41,Italy,T-30,France,5,6,5,11,1,1.0,0.0,4.0,2.2,WC-1938
T-41,Italy,T-30,France,5,6,5,11,1,1.0,0.0,4.0,2.2,WC-1978
T-41,Italy,T-30,France,5,6,5,11,1,1.0,0.0,4.0,2.2,WC-1986
T-41,Italy,T-30,France,5,6,5,11,1,1.0,0.0,4.0,2.2,WC-1998
T-41,Italy,T-30,France,5,6,5,11,1,1.0,0.0,4.0,2.2,WC-2006
T-41,Italy,T-36,Hungary,2,7,3,10,4,1.0,2.0,-1.0,5.0,WC-1938
T-41,Italy,T-36,Hungary,2,7,3,10,4,1.0,2.0,-1.0,5.0,WC-1978
T-41,Italy,T-46,Mexico,2,5,2,7,3,0.0,1.0,1.0,3.5,WC-1970
T-41,Italy,T-46,Mexico,2,5,2,7,3,0.0,1.0,1.0,3.5,WC-1994
T-41,Italy,T-48,Netherlands,2,1,4,5,-3,0.0,0.0,2.0,2.5,WC-1978
T-41,Italy,T-48,Netherlands,2,1,4,5,-3,0.0,0.0,2.0,2.5,WC-2019
T-41,Italy,T-53,Norway,3,4,1,5,3,0.0,0.0,3.0,1.6666666666666667,WC-1938
T-41,Italy,T-53,Norway,3,4,1,5,3,0.0,0.0,3.0,1.6666666666666667,WC-1994
T-41,Italy,T-53,Norway,3,4,1,5,3,0.0,0.0,3.0,1.6666666666666667,WC-1998
T-41,Italy,T-55,Paraguay,2,3,1,4,2,0.0,1.0,1.0,2.0,WC-1950
T-41,Italy,T-55,Paraguay,2,3,1,4,2,0.0,1.0,1.0,2.0,WC-2010
T-41,Italy,T-73,Spain,3,4,2,6,2,0.0,0.0,3.0,2.0,WC-1934
T-41,Italy,T-73,Spain,3,4,2,6,2,0.0,0.0,3.0,2.0,WC-1994
T-41,Italy,T-83,United States,3,9,2,11,7,1.0,0.0,2.0,3.6666666666666665,WC-1934
T-41,Italy,T-83,United States,3,9,2,11,7,1.0,0.0,2.0,3.6666666666666665,WC-1990
T-41,Italy,T-83,United States,3,9,2,11,7,1.0,0.0,2.0,3.6666666666666665,WC-2006
T-41,Italy,T-84,Uruguay,2,2,1,3,1,1.0,0.0,1.0,1.5,WC-1990
T-41,Italy,T-84,Uruguay,2,2,1,3,1,1.0,0.0,1.0,1.5,WC-2014
T-41,Italy,T-86,West Germany,3,7,4,11,3,0.0,1.0,2.0,3.6666666666666665,WC-1970
T-41,Italy,T-86,West Germany,3,7,4,11,3,0.0,1.0,2.0,3.6666666666666665,WC-1978
T-41,Italy,T-86,West Germany,3,7,4,11,3,0.0,1.0,2.0,3.6666666666666665,WC-1982
T-44,Japan,T-09,Brazil,2,1,5,6,-4,1.0,2.0,-1.0,3.0,WC-1991
T-44,Japan,T-09,Brazil,2,1,5,6,-4,1.0,2.0,-1.0,3.0,WC-2006
T-44,Japan,T-11,Cameroon,2,3,1,4,2,1.0,1.0,0.0,2.0,WC-2010
T-44,Japan,T-11,Cameroon,2,3,1,4,2,1.0,1.0,0.0,2.0,WC-2015
T-44,Japan,T-18,Croatia,3,1,2,3,-1,1.0,0.0,2.0,1.0,WC-1998
T-44,Japan,T-18,Croatia,3,1,2,3,-1,1.0,0.0,2.0,1.0,WC-2006
T-44,Japan,T-18,Croatia,3,1,2,3,-1,1.0,0.0,2.0,1.0,WC-2022
T-44,Japan,T-28,England,3,4,5,9,-1,0.0,2.0,1.0,3.0,WC-2007
T-44,Japan,T-28,England,3,4,5,9,-1,0.0,2.0,1.0,3.0,WC-2015
T-44,Japan,T-28,England,3,4,5,9,-1,0.0,2.0,1.0,3.0,WC-2019
T-44,Japan,T-62,Russia,2,1,5,6,-4,0.0,1.0,1.0,3.0,WC-1999
T-44,Japan,T-62,Russia,2,1,5,6,-4,0.0,1.0,1.0,3.0,WC-2002
T-44,Japan,T-74,Sweden,2,3,9,12,-6,1.0,1.0,0.0,6.0,WC-1991
T-44,Japan,T-74,Sweden,2,3,9,12,-6,1.0,1.0,0.0,6.0,WC-2011
T-44,Japan,T-83,United States,3,2,9,11,-7,1.0,0.0,2.0,3.6666666666666665,WC-1991
T-44,Japan,T-83,United States,3,2,9,11,-7,1.0,0.0,2.0,3.6666666666666665,WC-1995
T-44,Japan,T-83,United States,3,2,9,11,-7,1.0,0.0,2.0,3.6666666666666665,WC-2011
T-46,Mexico,T-10,Bulgaria,2,3,1,4,2,0.0,0.0,2.0,2.0,WC-1986
T-46,Mexico,T-10,Bulgaria,2,3,1,4,2,0.0,0.0,2.0,2.0,WC-1994
T-46,Mexico,T-41,Italy,2,1,3,4,-2,1.0,2.0,-1.0,2.0,WC-1999
T-46,Mexico,T-41,Italy,2,1,3,4,-2,1.0,2.0,-1.0,2.0,WC-2002
T-46,Mexico,T-84,Uruguay,2,0,1,1,-1,0.0,1.0,1.0,0.5,WC-1966
T-46,Mexico,T-84,Uruguay,2,0,1,1,-1,0.0,1.0,1.0,0.5,WC-2010
T-48,Netherlands,T-03,Argentina,5,8,3,11,5,1.0,0.0,4.0,2.2,WC-1974
T-48,Netherlands,T-03,Argentina,5,8,3,11,5,1.0,0.0,4.0,2.2,WC-1998
T-48,Netherlands,T-03,Argentina,5,8,3,11,5,1.0,0.0,4.0,2.2,WC-2006
T-48,Netherlands,T-03,Argentina,5,8,3,11,5,1.0,0.0,4.0,2.2,WC-2014
T-48,Netherlands,T-03,Argentina,5,8,3,11,5,1.0,0.0,4.0,2.2,WC-2022
T-48,Netherlands,T-09,Brazil,3,6,4,10,2,2.0,1.0,0.0,3.3333333333333335,WC-1974
T-48,Netherlands,T-09,Brazil,3,6,4,10,2,2.0,1.0,0.0,3.3333333333333335,WC-1994
T-48,Netherlands,T-09,Brazil,3,6,4,10,2,2.0,1.0,0.0,3.3333333333333335,WC-2010
T-48,Netherlands,T-12,Canada,2,3,2,5,1,1.0,1.0,0.0,2.5,WC-2015
T-48,Netherlands,T-12,Canada,2,3,2,5,1,1.0,1.0,0.0,2.5,WC-2019
T-48,Netherlands,T-44,Japan,2,3,1,4,2,0.0,0.0,2.0,2.0,WC-2010
T-48,Netherlands,T-44,Japan,2,3,1,4,2,0.0,0.0,2.0,2.0,WC-2019
T-48,Netherlands,T-46,Mexico,2,4,3,7,1,0.0,1.0,1.0,3.5,WC-1998
T-48,Netherlands,T-46,Mexico,2,4,3,7,1,0.0,1.0,1.0,3.5,WC-2014
T-48,Netherlands,T-74,Sweden,2,1,0,1,1,1.0,1.0,0.0,0.5,WC-1974
T-48,Netherlands,T-74,Sweden,2,1,0,1,1,1.0,1.0,0.0,0.5,WC-2019
T-48,Netherlands,T-86,West Germany,2,3,4,7,-1,1.0,0.0,1.0,3.5,WC-1974
T-48,Netherlands,T-86,West Germany,2,3,4,7,-1,1.0,0.0,1.0,3.5,WC-1978
T-49,New Zealand,T-48,Netherlands,2,0,2,2,-2,1.0,1.0,0.0,1.0,WC-2015
T-49,New Zealand,T-48,Netherlands,2,0,2,2,-2,1.0,1.0,0.0,1.0,WC-2019
T-50,Nigeria,T-03,Argentina,2,3,5,8,-2,0.0,0.0,2.0,4.0,WC-2014
T-50,Nigeria,T-03,Argentina,2,3,5,8,-2,0.0,0.0,2.0,4.0,WC-2018
T-50,Nigeria,T-10,Bulgaria,2,4,0,4,4,1.0,0.0,1.0,2.0,WC-1994
T-50,Nigeria,T-10,Bulgaria,2,4,0,4,4,1.0,0.0,1.0,2.0,WC-1998
T-50,Nigeria,T-22,Denmark,2,3,4,7,-1,1.0,1.0,0.0,3.5,WC-1998
T-50,Nigeria,T-22,Denmark,2,3,4,7,-1,1.0,1.0,0.0,3.5,WC-1999
T-50,Nigeria,T-28,England,2,2,3,5,-1,0.0,0.0,2.0,2.5,WC-1995
T-50,Nigeria,T-28,England,2,2,3,5,-1,0.0,0.0,2.0,2.5,WC-2002
T-50,Nigeria,T-30,France,2,0,2,2,-2,2.0,0.0,0.0,1.0,WC-2011
T-50,Nigeria,T-30,France,2,0,2,2,-2,2.0,0.0,0.0,1.0,WC-2019
T-50,Nigeria,T-71,South Korea,2,4,2,6,2,1.0,1.0,0.0,3.0,WC-2010
T-50,Nigeria,T-71,South Korea,2,4,2,6,2,1.0,1.0,0.0,3.0,WC-2019
T-50,Nigeria,T-83,United States,2,0,2,2,-2,1.0,1.0,0.0,1.0,WC-2007
T-50,Nigeria,T-83,United States,2,0,2,2,-2,1.0,1.0,0.0,1.0,WC-2015
T-51,North Korea,T-50,Nigeria,2,3,2,5,1,1.0,0.0,1.0,2.5,WC-1999
T-51,North Korea,T-50,Nigeria,2,3,2,5,1,1.0,0.0,1.0,2.5,WC-2007
T-51,North Korea,T-74,Sweden,2,1,3,4,-2,0.0,0.0,2.0,2.0,WC-2007
T-51,North Korea,T-74,Sweden,2,1,3,4,-2,0.0,0.0,2.0,2.0,WC-2011
T-52,Northern Ireland,T-21,Czechoslovakia,2,3,1,4,2,0.0,0.0,2.0,2.0,WC-1958
T-53,Norway,T-12,Canada,3,16,2,18,14,0.0,0.0,3.0,6.0,WC-1995
T-53,Norway,T-12,Canada,3,16,2,18,14,0.0,0.0,3.0,6.0,WC-1999
T-53,Norway,T-12,Canada,3,16,2,18,14,0.0,0.0,3.0,6.0,WC-2007
T-53,Norway,T-14,China,2,1,5,6,-4,1.0,1.0,0.0,3.0,WC-1999
T-53,Norway,T-14,China,2,1,5,6,-4,1.0,1.0,0.0,3.0,WC-2007
T-53,Norway,T-22,Denmark,2,5,2,7,3,0.0,1.0,1.0,3.5,WC-1991
T-53,Norway,T-22,Denmark,2,5,2,7,3,0.0,1.0,1.0,3.5,WC-1995
T-53,Norway,T-28,England,3,3,5,8,-2,1.0,1.0,1.0,2.6666666666666665,WC-1995
T-53,Norway,T-28,England,3,3,5,8,-2,1.0,1.0,1.0,2.6666666666666665,WC-2015
T-53,Norway,T-28,England,3,3,5,8,-2,1.0,1.0,1.0,2.6666666666666665,WC-2019
T-53,Norway,T-50,Nigeria,2,11,0,11,11,0.0,1.0,1.0,5.5,WC-1995
T-53,Norway,T-50,Nigeria,2,11,0,11,11,0.0,1.0,1.0,5.5,WC-2019
T-53,Norway,T-83,United States,2,2,6,8,-4,1.0,0.0,1.0,4.0,WC-1991
T-53,Norway,T-83,United States,2,2,6,8,-4,1.0,0.0,1.0,4.0,WC-2007
T-55,Paraguay,T-06,Belgium,2,3,2,5,1,1.0,0.0,1.0,2.5,WC-1930
T-55,Paraguay,T-06,Belgium,2,3,2,5,1,1.0,0.0,1.0,2.5,WC-1986
T-57,Poland,T-03,Argentina,2,3,4,7,-1,1.0,0.0,1.0,3.5,WC-1974
T-57,Poland,T-03,Argentina,2,3,4,7,-1,1.0,0.0,1.0,3.5,WC-2022
T-57,Poland,T-41,Italy,2,2,3,5,-1,0.0,0.0,2.0,2.5,WC-1974
T-57,Poland,T-41,Italy,2,2,3,5,-1,0.0,0.0,2.0,2.5,WC-1982
T-58,Portugal,T-09,Brazil,2,3,1,4,2,0.0,1.0,1.0,2.0,WC-1966
T-58,Portugal,T-09,Brazil,2,3,1,4,2,0.0,1.0,1.0,2.0,WC-2010
T-58,Portugal,T-32,Ghana,2,5,3,8,2,1.0,0.0,1.0,4.0,WC-2014
T-58,Portugal,T-32,Ghana,2,5,3,8,2,1.0,0.0,1.0,4.0,WC-2022
T-58,Portugal,T-47,Morocco,2,2,3,5,-1,1.0,0.0,1.0,2.5,WC-1986
T-58,Portugal,T-47,Morocco,2,2,3,5,-1,1.0,0.0,1.0,2.5,WC-2018
T-58,Portugal,T-51,North Korea,2,12,3,15,9,1.0,0.0,1.0,7.5,WC-1966
T-58,Portugal,T-51,North Korea,2,12,3,15,9,1.0,0.0,1.0,7.5,WC-2010
T-66,Serbia,T-75,Switzerland,2,3,5,8,-2,2.0,1.0,-1.0,4.0,WC-2018
T-66,Serbia,T-75,Switzerland,2,3,5,8,-2,2.0,1.0,-1.0,4.0,WC-2022
T-71,South Korea,T-41,Italy,2,4,4,8,0,1.0,2.0,-1.0,4.0,WC-1986
T-71,South Korea,T-41,Italy,2,4,4,8,0,1.0,2.0,-1.0,4.0,WC-2002
T-71,South Korea,T-46,Mexico,2,2,5,7,-3,0.0,1.0,1.0,3.5,WC-1998
T-71,South Korea,T-46,Mexico,2,2,5,7,-3,0.0,1.0,1.0,3.5,WC-2018
T-71,South Korea,T-53,Norway,2,2,9,11,-7,2.0,0.0,0.0,5.5,WC-2003
T-71,South Korea,T-53,Norway,2,2,9,11,-7,2.0,0.0,0.0,5.5,WC-2019
T-71,South Korea,T-73,Spain,2,3,4,7,-1,1.0,0.0,1.0,3.5,WC-1990
T-71,South Korea,T-73,Spain,2,3,4,7,-1,1.0,0.0,1.0,3.5,WC-2015
T-72,Soviet Union,T-06,Belgium,2,7,5,12,2,1.0,0.0,1.0,6.0,WC-1970
T-72,Soviet Union,T-06,Belgium,2,7,5,12,2,1.0,0.0,1.0,6.0,WC-1986
T-72,Soviet Union,T-28,England,2,3,2,5,1,0.0,1.0,1.0,2.5,WC-1958
T-72,Soviet Union,T-36,Hungary,2,8,1,9,7,1.0,0.0,1.0,4.5,WC-1966
T-72,Soviet Union,T-36,Hungary,2,8,1,9,7,1.0,0.0,1.0,4.5,WC-1986
T-72,Soviet Union,T-84,Uruguay,2,2,2,4,0,3.0,2.0,-3.0,2.0,WC-1962
T-72,Soviet Union,T-84,Uruguay,2,2,2,4,0,3.0,2.0,-3.0,2.0,WC-1970
T-73,Spain,T-09,Brazil,2,3,2,5,1,2.0,0.0,0.0,2.5,WC-1934
T-73,Spain,T-09,Brazil,2,3,2,5,1,2.0,0.0,0.0,2.5,WC-1986
T-73,Spain,T-13,Chile,2,2,2,4,0,1.0,0.0,1.0,2.0,WC-1950
T-73,Spain,T-13,Chile,2,2,2,4,0,1.0,0.0,1.0,2.0,WC-2014
T-73,Spain,T-17,Costa Rica,2,8,1,9,7,0.0,0.0,2.0,4.5,WC-2015
T-73,Spain,T-17,Costa Rica,2,8,1,9,7,0.0,0.0,2.0,4.5,WC-2022
T-73,Spain,T-28,England,2,1,0,1,1,2.0,0.0,0.0,0.5,WC-1950
T-73,Spain,T-28,England,2,1,0,1,1,2.0,0.0,0.0,0.5,WC-1982
T-73,Spain,T-35,Honduras,2,3,1,4,2,0.0,0.0,2.0,2.0,WC-1982
T-73,Spain,T-35,Honduras,2,3,1,4,2,0.0,0.0,2.0,2.0,WC-2010
T-73,Spain,T-55,Paraguay,2,3,1,4,2,1.0,0.0,1.0,2.0,WC-1998
T-73,Spain,T-55,Paraguay,2,3,1,4,2,1.0,0.0,1.0,2.0,WC-2002
T-73,Spain,T-71,South Korea,2,2,2,4,0,3.0,0.0,-1.0,2.0,WC-1994
T-73,Spain,T-71,South Korea,2,2,2,4,0,3.0,0.0,-1.0,2.0,WC-2002
T-73,Spain,T-75,Switzerland,3,5,2,7,3,1.0,0.0,2.0,2.3333333333333335,WC-1966
T-73,Spain,T-75,Switzerland,3,5,2,7,3,1.0,0.0,2.0,2.3333333333333335,WC-1994
T-73,Spain,T-75,Switzerland,3,5,2,7,3,1.0,0.0,2.0,2.3333333333333335,WC-2010
T-73,Spain,T-83,United States,2,4,3,7,1,1.0,0.0,1.0,3.5,WC-1950
T-73,Spain,T-83,United States,2,4,3,7,1,1.0,0.0,1.0,3.5,WC-2019
T-73,Spain,T-87,Yugoslavia,2,3,3,6,0,1.0,0.0,1.0,3.0,WC-1982
T-73,Spain,T-87,Yugoslavia,2,3,3,6,0,1.0,0.0,1.0,3.0,WC-1990
T-74,Sweden,T-03,Argentina,2,4,3,7,1,0.0,0.0,2.0,3.5,WC-1934
T-74,Sweden,T-03,Argentina,2,4,3,7,1,0.0,0.0,2.0,3.5,WC-2002
T-74,Sweden,T-09,Brazil,2,0,2,2,-2,1.0,0.0,1.0,1.0,WC-1994
T-74,Sweden,T-09,Brazil,2,0,2,2,-2,1.0,0.0,1.0,1.0,WC-1995
T-74,Sweden,T-10,Bulgaria,2,4,0,4,4,1.0,0.0,1.0,2.0,WC-1974
T-74,Sweden,T-10,Bulgaria,2,4,0,4,4,1.0,0.0,1.0,2.0,WC-1994
T-74,Sweden,T-12,Canada,2,3,1,4,2,1.0,0.0,1.0,2.0,WC-2003
T-74,Sweden,T-12,Canada,2,3,1,4,2,1.0,0.0,1.0,2.0,WC-2019
T-74,Sweden,T-28,England,2,2,4,6,-2,,0.0,,3.0,WC-2006
T-74,Sweden,T-28,England,2,2,4,6,-2,,0.0,,3.0,WC-2018
T-74,Sweden,T-31,Germany,2,7,2,9,5,,0.0,,4.5,WC-1991
T-74,Sweden,T-31,Germany,2,7,2,9,5,,0.0,,4.5,WC-1995
T-74,Sweden,T-50,Nigeria,3,8,4,12,4,,1.0,,4.0,WC-2002
T-74,Sweden,T-50,Nigeria,3,8,4,12,4,,1.0,,4.0,WC-2003
T-74,Sweden,T-50,Nigeria,3,8,4,12,4,,1.0,,4.0,WC-2015
T-74,Sweden,T-55,Paraguay,2,3,2,5,1,,,,2.5,WC-1950
T-74,Sweden,T-55,Paraguay,2,3,2,5,1,,,,2.5,WC-2006
T-74,Sweden,T-83,United States,4,4,8,12,-4,,,,3.0,WC-1991
T-74,Sweden,T-83,United States,4,4,8,12,-4,,,,3.0,WC-2007
T-74,Sweden,T-83,United States,4,4,8,12,-4,,,,3.0,WC-2011
T-74,Sweden,T-83,United States,4,4,8,12,-4,,,,3.0,WC-2019
T-74,Sweden,T-84,Uruguay,2,4,0,4,4,,,,2.0,WC-1970
T-74,Sweden,T-84,Uruguay,2,4,0,4,4,,,,2.0,WC-1974
T-75,Switzerland,T-11,Cameroon,2,2,2,4,0,,,,2.0,WC-2015
T-75,Switzerland,T-11,Cameroon,2,2,2,4,0,,,,2.0,WC-2022
T-75,Switzerland,T-25,Ecuador,2,12,2,14,10,,,,7.0,WC-2014
T-75,Switzerland,T-25,Ecuador,2,12,2,14,10,,,,7.0,WC-2015
T-75,Switzerland,T-31,Germany,2,5,3,8,2,,,,4.0,WC-1938
T-75,Switzerland,T-41,Italy,2,6,2,8,4,,,,4.0,WC-1954
T-83,United States,T-04,Australia,2,7,2,9,5,,,,4.5,WC-1995
T-83,United States,T-04,Australia,2,7,2,9,5,,,,4.5,WC-2015
T-83,United States,T-09,Brazil,2,2,4,6,-2,,,,3.0,WC-1999
T-83,United States,T-09,Brazil,2,2,4,6,-2,,,,3.0,WC-2007
T-83,United States,T-14,China,2,3,3,6,0,,,,3.0,WC-1995
T-83,United States,T-14,China,2,3,3,6,0,,,,3.0,WC-1999
T-83,United States,T-16,Colombia,3,7,1,8,6,,,,2.6666666666666665,WC-1994
T-83,United States,T-16,Colombia,3,7,1,8,6,,,,2.6666666666666665,WC-2011
T-83,United States,T-16,Colombia,3,7,1,8,6,,,,2.6666666666666665,WC-2015
T-83,United States,T-22,Denmark,2,5,0,5,5,,,,2.5,WC-1995
T-83,United States,T-22,Denmark,2,5,0,5,5,,,,2.5,WC-1999
T-83,United States,T-28,England,2,4,0,4,4,,,,2.0,WC-1950
T-83,United States,T-28,England,2,4,0,4,4,,,,2.0,WC-2007
T-83,United States,T-31,Germany,4,5,6,11,-1,,,,2.75,WC-1999
T-83,United States,T-31,Germany,4,5,6,11,-1,,,,2.75,WC-2003
T-83,United States,T-31,Germany,4,5,6,11,-1,,,,2.75,WC-2014
T-83,United States,T-31,Germany,4,5,6,11,-1,,,,2.75,WC-2015
T-83,United States,T-50,Nigeria,2,12,1,13,11,,,,6.5,WC-1999
T-83,United States,T-50,Nigeria,2,12,1,13,11,,,,6.5,WC-2003
T-83,United States,T-51,North Korea,3,7,2,9,5,,,,3.0,WC-1999
T-83,United States,T-51,North Korea,3,7,2,9,5,,,,3.0,WC-2007
T-83,United States,T-51,North Korea,3,7,2,9,5,,,,3.0,WC-2011
T-83,United States,T-53,Norway,2,1,1,2,0,,,,1.0,WC-1995
T-83,United States,T-53,Norway,2,1,1,2,0,,,,1.0,WC-2003
T-83,United States,T-58,Portugal,2,5,4,9,1,,,,4.5,WC-2002
T-83,United States,T-58,Portugal,2,5,4,9,1,,,,4.5,WC-2014
T-83,United States,T-74,Sweden,2,3,1,4,2,,,,2.0,WC-2003
T-83,United States,T-74,Sweden,2,3,1,4,2,,,,2.0,WC-2015
T-84,Uruguay,T-28,England,2,6,3,9,3,,,,4.5,WC-1954
T-84,Uruguay,T-28,England,2,6,3,9,3,,,,4.5,WC-2014
T-84,Uruguay,T-30,France,3,2,3,5,-1,,,,1.6666666666666667,WC-1966
T-84,Uruguay,T-30,France,3,2,3,5,-1,,,,1.6666666666666667,WC-2010
T-84,Uruguay,T-30,France,3,2,3,5,-1,,,,1.6666666666666667,WC-2018
T-84,Uruguay,T-48,Netherlands,2,2,5,7,-3,,,,3.5,WC-1974
T-84,Uruguay,T-48,Netherlands,2,2,5,7,-3,,,,3.5,WC-2010
T-84,Uruguay,T-71,South Korea,2,2,1,3,1,,,,1.5,WC-2010
T-84,Uruguay,T-71,South Korea,2,2,1,3,1,,,,1.5,WC-2022
T-84,Uruguay,T-73,Spain,2,2,2,4,0,,,,2.0,WC-1950
T-84,Uruguay,T-73,Spain,2,2,2,4,0,,,,2.0,WC-1990
T-86,West Germany,T-05,Austria,2,7,1,8,6,,,,4.0,WC-1954
T-86,West Germany,T-05,Austria,2,7,1,8,6,,,,4.0,WC-1982
T-86,West Germany,T-13,Chile,3,7,1,8,6,,,,2.6666666666666665,WC-1962
T-86,West Germany,T-13,Chile,3,7,1,8,6,,,,2.6666666666666665,WC-1974
T-86,West Germany,T-13,Chile,3,7,1,8,6,,,,2.6666666666666665,WC-1982
T-86,West Germany,T-28,England,3,4,3,7,1,,,,2.3333333333333335,WC-1970
T-86,West Germany,T-28,England,3,4,3,7,1,,,,2.3333333333333335,WC-1982
T-86,West Germany,T-28,England,3,4,3,7,1,,,,2.3333333333333335,WC-1990
T-86,West Germany,T-46,Mexico,2,6,0,6,6,,,,3.0,WC-1978
T-86,West Germany,T-46,Mexico,2,6,0,6,6,,,,3.0,WC-1986
T-86,West Germany,T-73,Spain,2,4,2,6,2,,,,3.0,WC-1966
T-86,West Germany,T-73,Spain,2,4,2,6,2,,,,3.0,WC-1982
T-86,West Germany,T-75,Switzerland,2,7,1,8,6,,,,4.0,WC-1962
T-86,West Germany,T-75,Switzerland,2,7,1,8,6,,,,4.0,WC-1966
T-86,West Germany,T-80,Turkey,2,11,3,14,8,,,,7.0,WC-1954
T-86,West Germany,T-84,Uruguay,2,5,0,5,5,,,,2.5,WC-1966
T-86,West Germany,T-84,Uruguay,2,5,0,5,5,,,,2.5,WC-1970
T-86,West Germany,T-87,Yugoslavia,3,7,1,8,6,,,,2.6666666666666665,WC-1954
T-86,West Germany,T-87,Yugoslavia,3,7,1,8,6,,,,2.6666666666666665,WC-1958
T-86,West Germany,T-87,Yugoslavia,3,7,1,8,6,,,,2.6666666666666665,WC-1990
T-87,Yugoslavia,T-16,Colombia,2,6,0,6,6,,,,3.0,WC-1962
T-87,Yugoslavia,T-16,Colombia,2,6,0,6,6,,,,3.0,WC-1990
T-87,Yugoslavia,T-30,France,2,4,2,6,2,,,,3.0,WC-1954
T-87,Yugoslavia,T-30,France,2,4,2,6,2,,,,3.0,WC-1958
T-87,Yugoslavia,T-86,West Germany,2,1,2,3,-1,,,,1.5,WC-1962
T-87,Yugoslavia,T-86,West Germany,2,1,2,3,-1,,,,1.5,WC-1974
